year,block,main_plot,fym_factor_level,rotation_type,rotation_factor_level,johnston_rotation_code,bulk_density,percent_soc,percent_n,note_id
1938,1,1,FYM,arable,Ah,AB,1.508,0.929,*,1.000
1938,1,2,none,arable,Ah,AB,1.508,0.929,*,1.000
1938,1,3,none,ley_arable,Lu,LC3,1.508,0.929,*,1.000
1938,1,4,FYM,ley_arable,Lu,LC3,1.508,0.929,*,1.000
1938,1,5,FYM,arable,Ar,AF,1.508,0.929,*,1.000
1938,1,6,none,arable,Ar,AF,1.508,0.929,*,1.000
1938,1,7,none,alternating,L/Ah,LC8,1.508,0.929,*,1.000
1938,1,8,FYM,alternating,L/Ah,LC8,1.508,0.929,*,1.000
1938,1,9,none,alternating,Ar/Lu,LN8,1.508,0.929,*,1.000
1938,1,10,FYM,alternating,Ar/Lu,LN8,1.508,0.929,*,1.000
1938,1,11,FYM,alternating,Lu/Ar,LN8,1.508,0.929,*,1.000
1938,1,12,none,alternating,Lu/Ar,LN8,1.508,0.929,*,1.000
1938,1,13,FYM,ley_arable,L,LN3,1.508,0.929,*,1.000
1938,1,14,none,ley_arable,L,LN3,1.508,0.929,*,1.000
1938,1,15,none,alternating,Ah/L,LC8,1.508,0.929,*,1.000
1938,1,16,FYM,alternating,Ah/L,LC8,1.508,0.929,*,1.000
1938,2,17,none,arable,Ah,AB,1.508,0.888,*,1.000
1938,2,18,FYM,arable,Ah,AB,1.508,0.888,*,1.000
1938,2,19,none,arable,Ar,AF,1.508,0.888,*,1.000
1938,2,20,FYM,arable,Ar,AF,1.508,0.888,*,1.000
1938,2,21,FYM,alternating,Ah/L,LC8,1.508,0.888,*,1.000
1938,2,22,none,alternating,Ah/L,LC8,1.508,0.888,*,1.000
1938,2,23,none,alternating,L/Ah,LC8,1.508,0.888,*,1.000
1938,2,24,FYM,alternating,L/Ah,LC8,1.508,0.888,*,1.000
1938,2,25,FYM,alternating,Lu/Ar,LN8,1.508,0.888,*,1.000
1938,2,26,none,alternating,Lu/Ar,LN8,1.508,0.888,*,1.000
1938,2,27,none,alternating,Ar/Lu,LN8,1.508,0.888,*,1.000
1938,2,28,FYM,alternating,Ar/Lu,LN8,1.508,0.888,*,1.000
1938,2,29,none,ley_arable,Lu,LC3,1.508,0.888,*,1.000
1938,2,30,FYM,ley_arable,Lu,LC3,1.508,0.888,*,1.000
1938,2,31,none,ley_arable,L,LN3,1.508,0.888,*,1.000
1938,2,32,FYM,ley_arable,L,LN3,1.508,0.888,*,1.000
1938,3,33,FYM,ley_arable,Lu,LC3,1.508,0.985,*,1.000
1938,3,34,none,ley_arable,Lu,LC3,1.508,0.985,*,1.000
1938,3,35,FYM,alternating,Ar/Lu,LN8,1.508,0.985,*,1.000
1938,3,36,none,alternating,Ar/Lu,LN8,1.508,0.985,*,1.000
1938,3,37,none,alternating,Lu/Ar,LN8,1.508,0.985,*,1.000
1938,3,38,FYM,alternating,Lu/Ar,LN8,1.508,0.985,*,1.000
1938,3,39,FYM,arable,Ar,AF,1.508,0.985,*,1.000
1938,3,40,none,arable,Ar,AF,1.508,0.985,*,1.000
1938,3,41,NONE,alternating,L/Ah,LC8,1.508,0.985,*,1.000
1938,3,42,FYM,alternating,L/Ah,LC8,1.508,0.985,*,1.000
1938,3,43,none,ley_arable,L,LN3,1.508,0.985,*,1.000
1938,3,44,FYM,ley_arable,L,LN3,1.508,0.985,*,1.000
1938,3,45,none,arable,Ah,AB,1.508,0.985,*,1.000
1938,3,46,FYM,arable,Ah,AB,1.508,0.985,*,1.000
1938,3,47,none,alternating,Ah/L,LC8,1.508,0.985,*,1.000
1938,3,48,FYM,alternating,Ah/L,LC8,1.508,0.985,*,1.000
1938,4,49,FYM,alternating,Ah/L,LC8,1.508,1.114,*,1.000
1938,4,50,none,alternating,Ah/L,LC8,1.508,1.114,*,1.000
1938,4,51,none,alternating,Ar/Lu,LN8,1.508,1.114,*,1.000
1938,4,52,FYM,alternating,Ar/Lu,LN8,1.508,1.114,*,1.000
1938,4,53,none,arable,Ah,AB,1.508,1.114,*,1.000
1938,4,54,FYM,arable,Ah,AB,1.508,1.114,*,1.000
1938,4,55,none,alternating,L/Ah,LC8,1.508,1.114,*,1.000
1938,4,56,FYM,alternating,L/Ah,LC8,1.508,1.114,*,1.000
1938,4,57,FYM,ley_arable,L,LN3,1.508,1.114,*,1.000
1938,4,58,none,ley_arable,L,LN3,1.508,1.114,*,1.000
1938,4,59,FYM,ley_arable,Lu,LC3,1.508,1.114,*,1.000
1938,4,60,none,ley_arable,Lu,LC3,1.508,1.114,*,1.000
1938,4,61,none,alternating,Lu/Ar,LN8,1.508,1.114,*,1.000
1938,4,62,FYM,alternating,Lu/Ar,LN8,1.508,1.114,*,1.000
1938,4,63,FYM,arable,Ar,AF,1.508,1.114,*,1.000
1938,4,64,none,arable,Ar,AF,1.508,1.114,*,1.000
1938,5,65,none,ley_arable,L,LN3,1.508,0.980,*,1.000
1938,5,66,FYM,ley_arable,L,LN3,1.508,0.980,*,1.000
1938,5,67,FYM,arable,Ah,AB,1.508,0.980,*,1.000
1938,5,68,none,arable,Ah,AB,1.508,0.980,*,1.000
1938,5,69,none,alternating,Lu/Ar,LN8,1.508,0.980,*,1.000
1938,5,70,FYM,alternating,Lu/Ar,LN8,1.508,0.980,*,1.000
1938,5,71,none,alternating,Ar/Lu,LN8,1.508,0.980,*,1.000
1938,5,72,FYM,alternating,Ar/Lu,LN8,1.508,0.980,*,1.000
1938,5,73,FYM,arable,Ar,AF,1.508,0.980,*,1.000
1938,5,74,none,arable,Ar,AF,1.508,0.980,*,1.000
1938,5,75,FYM,alternating,Ah/L,LC8,1.508,0.980,*,1.000
1938,5,76,none,alternating,Ah/L,LC8,1.508,0.980,*,1.000
1938,5,77,FYM,alternating,L/Ah,LC8,1.508,0.980,*,1.000
1938,5,78,none,alternating,L/Ah,LC8,1.508,0.980,*,1.000
1938,5,79,none,ley_arable,Lu,LC3,1.508,0.980,*,1.000
1938,5,80,FYM,ley_arable,Lu,LC3,1.508,0.980,*,1.000
1955,3,33,FYM,ley_arable,Lu,LC3,1.388,0.986,*,2.000
1955,3,34,none,ley_arable,Lu,LC3,1.388,0.940,*,2.000
1955,3,35,FYM,alternating,Ar/Lu,LN8,1.508,1.116,*,2.000
1955,3,36,none,alternating,Ar/Lu,LN8,1.508,1.135,*,2.000
1955,3,37,none,alternating,Lu/Ar,LN8,1.508,0.928,*,2.000
1955,3,38,FYM,alternating,Lu/Ar,LN8,1.508,1.047,*,2.000
1955,3,39,FYM,arable,Ar,AF,1.508,0.952,*,2.000
1955,3,40,none,arable,Ar,AF,1.508,0.952,*,2.000
1955,3,41,none,alternating,L/Ah,LC8,1.508,0.883,*,2.000
1955,3,42,FYM,alternating,L/Ah,LC8,1.508,1.015,*,2.000
1955,3,43,none,ley_arable,L,LN3,1.388,1.079,*,2.000
1955,3,44,FYM,ley_arable,L,LN3,1.388,1.282,*,2.000
1955,3,45,none,arable,Ah,AB,1.508,0.975,*,2.000
1955,3,46,FYM,arable,Ah,AB,1.508,1.164,*,2.000
1955,3,47,none,alternating,Ah/L,LC8,1.508,0.973,*,2.000
1955,3,48,FYM,alternating,Ah/L,LC8,1.508,1.249,*,2.000
1956,5,65,none,ley_arable,L,LN3,1.388,1.080,*,*
1956,5,66,FYM,ley_arable,L,LN3,1.388,1.180,*,*
1956,5,67,FYM,arable,Ah,AB,1.508,1.230,*,*
1956,5,68,none,arable,Ah,AB,1.508,1.200,*,*
1956,5,69,none,alternating,Lu/Ar,LN8,1.508,0.930,*,*
1956,5,70,FYM,alternating,Lu/Ar,LN8,1.508,1.080,*,*
1956,5,71,none,alternating,Ar/Lu,LN8,1.508,1.140,*,*
1956,5,72,FYM,alternating,Ar/Lu,LN8,1.508,1.210,*,*
1956,5,73,FYM,arable,Ar,AF,1.508,0.980,*,*
1956,5,74,none,arable,Ar,AF,1.508,0.910,*,*
1956,5,75,FYM,alternating,Ah/L,LC8,1.508,1.160,*,*
1956,5,76,none,alternating,Ah/L,LC8,1.508,1.150,*,*
1956,5,77,FYM,alternating,L/Ah,LC8,1.508,1.010,*,*
1956,5,78,none,alternating,L/Ah,LC8,1.508,0.990,*,*
1956,5,79,none,ley_arable,Lu,LC3,1.388,1.050,*,*
1956,5,80,FYM,ley_arable,Lu,LC3,1.388,1.240,*,*
1957,4,49,FYM,alternating,Ah/L,LC8,1.508,1.020,*,*
1957,4,50,none,alternating,Ah/L,LC8,1.508,1.040,*,*
1957,4,51,none,alternating,Ar/Lu,LN8,1.508,1.140,*,*
1957,4,52,FYM,alternating,Ar/Lu,LN8,1.508,1.310,*,*
1957,4,53,none,arable,Ah,AB,1.508,1.030,*,*
1957,4,54,FYM,arable,Ah,AB,1.508,1.190,*,*
1957,4,55,none,alternating,L/Ah,LC8,1.508,1.100,*,*
1957,4,56,FYM,alternating,L/Ah,LC8,1.508,1.230,*,*
1957,4,57,FYM,ley_arable,L,LN3,1.388,1.290,*,*
1957,4,58,none,ley_arable,L,LN3,1.388,1.310,*,*
1957,4,59,FYM,ley_arable,Lu,LC3,1.388,1.320,*,*
1957,4,60,none,ley_arable,Lu,LC3,1.388,1.310,*,*
1957,4,61,none,alternating,Lu/Ar,LN8,1.508,1.060,*,*
1957,4,62,FYM,alternating,Lu/Ar,LN8,1.508,1.220,*,*
1957,4,63,FYM,arable,Ar,AF,1.508,1.120,*,*
1957,4,64,none,arable,Ar,AF,1.508,1.160,*,*
1958,2,17,none,arable,Ah,AB,1.508,0.780,*,*
1958,2,18,FYM,arable,Ah,AB,1.508,0.860,*,*
1958,2,19,none,arable,Ar,AF,1.508,0.820,*,*
1958,2,20,FYM,arable,Ar,AF,1.508,1.050,*,*
1958,2,21,FYM,alternating,Ah/L,LC8,1.508,0.920,*,*
1958,2,22,none,alternating,Ah/L,LC8,1.508,0.860,*,*
1958,2,23,none,alternating,L/Ah,LC8,1.508,0.890,*,*
1958,2,24,FYM,alternating,L/Ah,LC8,1.508,1.070,*,*
1958,2,25,FYM,alternating,Lu/Ar,LN8,1.508,0.970,*,*
1958,2,26,none,alternating,Lu/Ar,LN8,1.508,0.940,*,*
1958,2,27,none,alternating,Ar/Lu,LN8,1.508,0.930,*,*
1958,2,28,FYM,alternating,Ar/Lu,LN8,1.508,1.090,*,*
1958,2,29,none,ley_arable,Lu,LC3,1.388,0.820,*,*
1958,2,30,FYM,ley_arable,Lu,LC3,1.388,0.920,*,*
1958,2,31,none,ley_arable,L,LN3,1.388,1.050,*,*
1958,2,32,FYM,ley_arable,L,LN3,1.388,1.220,*,*
1959,1,1,FYM,arable,Ah,AB,1.508,0.800,*,*
1959,1,2,none,arable,Ah,AB,1.508,0.870,*,*
1959,1,3,none,ley_arable,Lu,LC3,1.388,0.840,*,*
1959,1,4,FYM,ley_arable,Lu,LC3,1.388,1.200,*,*
1959,1,5,FYM,arable,Ar,AF,1.508,0.820,*,*
1959,1,6,none,arable,Ar,AF,1.508,0.690,*,*
1959,1,7,none,alternating,L/Ah,LC8,1.508,0.870,*,*
1959,1,8,FYM,alternating,L/Ah,LC8,1.508,1.090,*,*
1959,1,9,none,alternating,Ar/Lu,LN8,1.508,0.710,*,*
1959,1,10,FYM,alternating,Ar/Lu,LN8,1.508,0.860,*,*
1959,1,11,FYM,alternating,Lu/Ar,LN8,1.508,1.050,*,*
1959,1,12,none,alternating,Lu/Ar,LN8,1.508,0.990,*,*
1959,1,13,FYM,ley_arable,L,LN3,1.388,0.980,*,*
1959,1,14,none,ley_arable,L,LN3,1.388,0.900,*,*
1959,1,15,none,alternating,Ah/L,LC8,1.508,0.950,*,*
1959,1,16,FYM,alternating,Ah/L,LC8,1.508,1.290,*,*
1960,3,33,FYM,ley_arable,Lu,LC3,1.388,0.970,*,*
1960,3,34,none,ley_arable,Lu,LC3,1.388,0.900,*,*
1960,3,35,FYM,alternating,Ar/Lu,LN8,1.508,1.100,*,*
1960,3,36,none,alternating,Ar/Lu,LN8,1.508,1.040,*,*
1960,3,37,none,alternating,Lu/Ar,LN8,1.508,0.890,*,*
1960,3,38,FYM,alternating,Lu/Ar,LN8,1.508,0.920,*,*
1960,3,39,FYM,arable,Ar,AF,1.508,0.980,*,*
1960,3,40,none,arable,Ar,AF,1.508,0.900,*,*
1960,3,41,none,alternating,L/Ah,LC8,1.508,0.900,*,*
1960,3,42,FYM,alternating,L/Ah,LC8,1.508,1.040,*,*
1960,3,43,none,ley_arable,L,LN3,1.388,1.010,*,*
1960,3,44,FYM,ley_arable,L,LN3,1.388,1.370,*,*
1960,3,45,none,arable,Ah,AB,1.508,0.930,*,*
1960,3,46,FYM,arable,Ah,AB,1.508,1.140,*,*
1960,3,47,none,alternating,Ah/L,LC8,1.508,0.950,*,*
1960,3,48,FYM,alternating,Ah/L,LC8,1.508,1.160,*,*
1961,5,65,none,ley_arable,L,LN3,1.388,1.115,*,3.000
1961,5,66,FYM,ley_arable,L,LN3,1.388,1.313,*,3.000
1961,5,67,FYM,arable,Ah,AB,1.508,1.250,*,3.000
1961,5,68,none,arable,Ah,AB,1.508,1.137,*,3.000
1961,5,69,none,alternating,Lu/Ar,LN8,1.508,0.950,*,3.000
1961,5,70,FYM,alternating,Lu/Ar,LN8,1.508,1.141,*,3.000
1961,5,71,none,alternating,Ar/Lu,LN8,1.508,1.130,*,3.000
1961,5,72,FYM,alternating,Ar/Lu,LN8,1.508,1.289,*,3.000
1961,5,73,FYM,arable,Ar,AF,1.508,0.986,*,3.000
1961,5,74,none,arable,Ar,AF,1.508,0.920,*,3.000
1961,5,75,FYM,alternating,Ah/L,LC8,1.508,1.175,*,3.000
1961,5,76,none,alternating,Ah/L,LC8,1.508,1.103,*,3.000
1961,5,77,FYM,alternating,L/Ah,LC8,1.508,1.142,*,3.000
1961,5,78,none,alternating,L/Ah,LC8,1.508,1.009,*,3.000
1961,5,79,none,ley_arable,Lu,LC3,1.388,1.029,*,3.000
1961,5,80,FYM,ley_arable,Lu,LC3,1.388,1.225,*,3.000
1962,4,49,FYM,alternating,Ah/L,LC8,1.508,0.996,*,4.000
1962,4,50,none,alternating,Ah/L,LC8,1.508,0.993,*,4.000
1962,4,51,none,alternating,Ar/Lu,LN8,1.508,1.083,*,4.000
1962,4,52,FYM,alternating,Ar/Lu,LN8,1.508,1.174,*,4.000
1962,4,53,none,arable,Ah,AB,1.508,0.973,*,4.000
1962,4,54,FYM,arable,Ah,AB,1.508,1.128,*,4.000
1962,4,55,none,alternating,L/Ah,LC8,1.508,1.219,*,4.000
1962,4,56,FYM,alternating,L/Ah,LC8,1.508,1.326,*,4.000
1962,4,57,FYM,ley_arable,L,LN3,1.388,1.367,*,4.000
1962,4,58,none,ley_arable,L,LN3,1.388,1.322,*,4.000
1962,4,59,FYM,ley_arable,Lu,LC3,1.388,1.268,*,4.000
1962,4,60,none,ley_arable,Lu,LC3,1.388,1.224,*,4.000
1962,4,61,none,alternating,Lu/Ar,LN8,1.508,1.008,*,4.000
1962,4,62,FYM,alternating,Lu/Ar,LN8,1.508,1.149,*,4.000
1962,4,63,FYM,arable,Ar,AF,1.508,1.086,*,4.000
1962,4,64,none,arable,Ar,AF,1.508,1.178,*,4.000
1963,2,17,none,arable,Ah,AB,1.508,0.810,*,*
1963,2,18,FYM,arable,Ah,AB,1.508,0.910,*,*
1963,2,19,none,arable,Ar,AF,1.508,0.800,*,*
1963,2,20,FYM,arable,Ar,AF,1.508,0.990,*,*
1963,2,21,FYM,alternating,Ah/L,LC8,1.508,0.910,*,*
1963,2,22,none,alternating,Ah/L,LC8,1.508,0.870,*,*
1963,2,23,none,alternating,L/Ah,LC8,1.508,0.970,*,*
1963,2,24,FYM,alternating,L/Ah,LC8,1.508,1.120,*,*
1963,2,25,FYM,alternating,Lu/Ar,LN8,1.508,0.920,*,*
1963,2,26,none,alternating,Lu/Ar,LN8,1.508,0.790,*,*
1963,2,27,none,alternating,Ar/Lu,LN8,1.508,0.850,*,*
1963,2,28,FYM,alternating,Ar/Lu,LN8,1.508,1.100,*,*
1963,2,29,none,ley_arable,Lu,LC3,1.388,0.770,*,*
1963,2,30,FYM,ley_arable,Lu,LC3,1.388,0.860,*,*
1963,2,31,none,ley_arable,L,LN3,1.388,1.040,*,*
1963,2,32,FYM,ley_arable,L,LN3,1.388,1.240,*,*
1964,1,1,FYM,arable,Ah,AB,1.508,0.860,*,*
1964,1,2,none,arable,Ah,AB,1.508,0.840,*,*
1964,1,3,none,ley_arable,Lu,LC3,1.388,0.810,*,*
1964,1,4,FYM,ley_arable,Lu,LC3,1.388,1.130,*,*
1964,1,5,FYM,arable,Ar,AF,1.508,0.780,*,*
1964,1,6,none,arable,Ar,AF,1.508,0.670,*,*
1964,1,7,none,alternating,L/Ah,LC8,1.508,0.950,*,*
1964,1,8,FYM,alternating,L/Ah,LC8,1.508,1.170,*,*
1964,1,9,none,alternating,Ar/Lu,LN8,1.508,0.760,*,*
1964,1,10,FYM,alternating,Ar/Lu,LN8,1.508,0.880,*,*
1964,1,11,FYM,alternating,Lu/Ar,LN8,1.508,1.020,*,*
1964,1,12,none,alternating,Lu/Ar,LN8,1.508,1.020,*,*
1964,1,13,FYM,ley_arable,L,LN3,1.388,1.030,*,*
1964,1,14,none,ley_arable,L,LN3,1.388,0.920,*,*
1964,1,15,none,alternating,Ah/L,LC8,1.508,0.930,*,*
1964,1,16,FYM,alternating,Ah/L,LC8,1.508,1.210,*,*
1965,3,33,FYM,ley_arable,Lu,LC3,1.388,0.990,*,*
1965,3,34,none,ley_arable,Lu,LC3,1.388,0.840,*,*
1965,3,35,FYM,alternating,Ar/Lu,LN8,1.508,1.120,*,*
1965,3,36,none,alternating,Ar/Lu,LN8,1.508,1.010,*,*
1965,3,37,none,alternating,Lu/Ar,LN8,1.508,0.860,*,*
1965,3,38,FYM,alternating,Lu/Ar,LN8,1.508,0.950,*,*
1965,3,39,FYM,arable,Ar,AF,1.508,0.980,*,*
1965,3,40,none,arable,Ar,AF,1.508,0.880,*,*
1965,3,41,none,alternating,L/Ah,LC8,1.508,0.850,*,*
1965,3,42,FYM,alternating,L/Ah,LC8,1.508,1.060,*,*
1965,3,43,none,ley_arable,L,LN3,1.388,1.140,*,*
1965,3,44,FYM,ley_arable,L,LN3,1.388,1.420,*,*
1965,3,45,none,arable,Ah,AB,1.508,0.900,*,*
1965,3,46,FYM,arable,Ah,AB,1.508,1.050,*,*
1965,3,47,none,alternating,Ah/L,LC8,1.508,0.980,*,*
1965,3,48,FYM,alternating,Ah/L,LC8,1.508,1.250,*,*
1966,5,65,none,ley_arable,L,LN3,1.388,1.100,*,*
1966,5,66,FYM,ley_arable,L,LN3,1.388,1.260,*,*
1966,5,67,FYM,arable,Ah,AB,1.508,1.140,*,*
1966,5,68,none,arable,Ah,AB,1.508,1.150,*,*
1966,5,69,none,alternating,Lu/Ar,LN8,1.508,0.910,*,*
1966,5,70,FYM,alternating,Lu/Ar,LN8,1.508,1.010,*,*
1966,5,71,none,alternating,Ar/Lu,LN8,1.508,1.040,*,*
1966,5,72,FYM,alternating,Ar/Lu,LN8,1.508,1.170,*,*
1966,5,73,FYM,arable,Ar,AF,1.508,0.910,*,*
1966,5,74,none,arable,Ar,AF,1.508,0.920,*,*
1966,5,75,FYM,alternating,Ah/L,LC8,1.508,1.166,*,*
1966,5,76,none,alternating,Ah/L,LC8,1.508,1.157,*,*
1966,5,77,FYM,alternating,L/Ah,LC8,1.508,1.050,*,*
1966,5,78,none,alternating,L/Ah,LC8,1.508,0.950,*,*
1966,5,79,none,ley_arable,Lu,LC3,1.388,0.950,*,*
1966,5,80,FYM,ley_arable,Lu,LC3,1.388,1.200,*,*
1967,4,49,FYM,alternating,Ah/L,LC8,1.508,1.140,*,*
1967,4,50,none,alternating,Ah/L,LC8,1.508,1.130,*,*
1967,4,51,none,alternating,Ar/Lu,LN8,1.508,1.080,*,*
1967,4,52,FYM,alternating,Ar/Lu,LN8,1.508,1.260,*,*
1967,4,53,none,arable,Ah,AB,1.508,1.040,*,*
1967,4,54,FYM,arable,Ah,AB,1.508,1.190,*,*
1967,4,55,none,alternating,L/Ah,LC8,1.508,1.150,*,*
1967,4,56,FYM,alternating,L/Ah,LC8,1.508,1.390,*,*
1967,4,57,FYM,ley_arable,L,LN3,1.388,1.370,*,*
1967,4,58,none,ley_arable,L,LN3,1.388,1.300,*,*
1967,4,59,FYM,ley_arable,Lu,LC3,1.388,1.270,*,*
1967,4,60,none,ley_arable,Lu,LC3,1.388,1.250,*,*
1967,4,61,none,alternating,Lu/Ar,LN8,1.508,1.040,*,*
1967,4,62,FYM,alternating,Lu/Ar,LN8,1.508,1.250,*,*
1967,4,63,FYM,arable,Ar,AF,1.508,1.190,*,*
1967,4,64,none,arable,Ar,AF,1.508,1.150,*,*
1968,2,17,none,arable,Ah,AB,1.508,0.740,*,*
1968,2,18,FYM,arable,Ah,AB,1.508,0.940,*,*
1968,2,19,none,arable,Ar,AF,1.508,0.770,*,*
1968,2,20,FYM,arable,Ar,AF,1.508,1.020,*,*
1968,2,21,FYM,alternating,Ah/L,LC8,1.508,0.910,*,*
1968,2,22,none,alternating,Ah/L,LC8,1.508,0.840,*,*
1968,2,23,none,alternating,L/Ah,LC8,1.508,0.850,*,*
1968,2,24,FYM,alternating,L/Ah,LC8,1.508,1.160,*,*
1968,2,25,FYM,alternating,Lu/Ar,LN8,1.508,0.950,*,*
1968,2,26,none,alternating,Lu/Ar,LN8,1.508,0.810,*,*
1968,2,27,none,alternating,Ar/Lu,LN8,1.508,0.960,*,*
1968,2,28,FYM,alternating,Ar/Lu,LN8,1.508,1.170,*,*
1968,2,29,none,ley_arable,Lu,LC3,1.388,0.830,*,*
1968,2,30,FYM,ley_arable,Lu,LC3,1.388,0.900,*,*
1968,2,31,none,ley_arable,L,LN3,1.388,1.100,*,*
1968,2,32,FYM,ley_arable,L,LN3,1.388,1.350,*,*
1969,1,1,FYM,arable,Ah,AB,1.508,0.870,*,*
1969,1,2,none,arable,Ah,AB,1.508,0.920,*,*
1969,1,3,none,ley_arable,Lu,LC3,1.388,0.890,*,*
1969,1,4,FYM,ley_arable,Lu,LC3,1.388,1.290,*,*
1969,1,5,FYM,arable,Ar,AF,1.508,0.800,*,*
1969,1,6,none,arable,Ar,AF,1.508,0.680,*,*
1969,1,7,none,alternating,L/Ah,LC8,1.508,0.990,*,*
1969,1,8,FYM,alternating,L/Ah,LC8,1.508,1.300,*,*
1969,1,9,none,alternating,Ar/Lu,LN8,1.508,0.860,*,*
1969,1,10,FYM,alternating,Ar/Lu,LN8,1.508,1.030,*,*
1969,1,11,FYM,alternating,Lu/Ar,LN8,1.508,0.940,*,*
1969,1,12,none,alternating,Lu/Ar,LN8,1.508,1.010,*,*
1969,1,13,FYM,ley_arable,L,LN3,1.388,1.210,*,*
1969,1,14,none,ley_arable,L,LN3,1.388,1.010,*,*
1969,1,15,none,alternating,Ah/L,LC8,1.508,0.930,*,*
1969,1,16,FYM,alternating,Ah/L,LC8,1.508,1.300,*,*
1970,3,33,FYM,ley_arable,Lu,LC3,1.388,1.040,*,*
1970,3,34,none,ley_arable,Lu,LC3,1.388,0.900,*,*
1970,3,35,FYM,alternating,Ar/Lu,LN8,1.508,1.090,*,*
1970,3,36,none,alternating,Ar/Lu,LN8,1.508,1.140,*,*
1970,3,37,none,alternating,Lu/Ar,LN8,1.508,0.930,*,*
1970,3,38,FYM,alternating,Lu/Ar,LN8,1.508,1.070,*,*
1970,3,39,FYM,arable,Ar,AF,1.508,0.940,*,*
1970,3,40,none,arable,Ar,AF,1.508,0.930,*,*
1970,3,41,none,alternating,L/Ah,LC8,1.508,0.950,*,*
1970,3,42,FYM,alternating,L/Ah,LC8,1.508,1.140,*,*
1970,3,43,none,ley_arable,L,LN3,1.388,1.320,*,*
1970,3,44,FYM,ley_arable,L,LN3,1.388,1.540,*,*
1970,3,45,none,arable,Ah,AB,1.508,1.030,*,*
1970,3,46,FYM,arable,Ah,AB,1.508,1.170,*,*
1970,3,47,none,alternating,Ah/L,LC8,1.508,1.230,*,*
1970,3,48,FYM,alternating,Ah/L,LC8,1.508,1.330,*,*
1971,5,65,none,ley_arable,L,LN3,1.388,1.160,*,*
1971,5,66,FYM,ley_arable,L,LN3,1.388,1.380,*,*
1971,5,67,FYM,arable,Ah,AB,1.508,1.210,*,*
1971,5,68,none,arable,Ah,AB,1.508,1.250,*,*
1971,5,69,none,alternating,Lu/Ar,LN8,1.508,0.990,*,*
1971,5,70,FYM,alternating,Lu/Ar,LN8,1.508,1.130,*,*
1971,5,71,none,alternating,Ar/Lu,LN8,1.508,1.040,*,*
1971,5,72,FYM,alternating,Ar/Lu,LN8,1.508,1.110,*,*
1971,5,73,FYM,arable,Ar,AF,1.508,0.900,*,*
1971,5,74,none,arable,Ar,AF,1.508,0.860,*,*
1971,5,75,FYM,alternating,Ah/L,LC8,1.508,1.260,*,*
1971,5,76,none,alternating,Ah/L,LC8,1.508,1.210,*,*
1971,5,77,FYM,alternating,L/Ah,LC8,1.508,1.060,*,*
1971,5,78,none,alternating,L/Ah,LC8,1.508,0.970,*,*
1971,5,79,none,ley_arable,Lu,LC3,1.388,1.060,*,*
1971,5,80,FYM,ley_arable,Lu,LC3,1.388,1.210,*,*
1972,4,49,FYM,alternating,Ah/L,LC8,1.508,1.193,*,5.000
1972,4,50,none,alternating,Ah/L,LC8,1.508,1.106,*,5.000
1972,4,51,none,alternating,Ar/Lu,LN8,1.508,1.178,*,5.000
1972,4,52,FYM,alternating,Ar/Lu,LN8,1.508,1.265,*,5.000
1972,4,53,none,arable,Ah,AB,1.508,1.102,*,5.000
1972,4,54,FYM,arable,Ah,AB,1.508,1.241,*,5.000
1972,4,55,none,alternating,L/Ah,LC8,1.508,1.249,*,5.000
1972,4,56,FYM,alternating,L/Ah,LC8,1.508,1.403,*,5.000
1972,4,57,FYM,ley_arable,L,LN3,1.388,1.362,*,5.000
1972,4,58,none,ley_arable,L,LN3,1.388,1.391,*,5.000
1972,4,59,FYM,ley_arable,Lu,LC3,1.388,1.384,*,5.000
1972,4,60,none,ley_arable,Lu,LC3,1.388,1.370,*,5.000
1972,4,61,none,alternating,Lu/Ar,LN8,1.508,0.987,*,5.000
1972,4,62,FYM,alternating,Lu/Ar,LN8,1.508,1.162,*,5.000
1972,4,63,FYM,arable,Ar,AF,1.508,1.093,*,5.000
1972,4,64,none,arable,Ar,AF,1.508,1.092,*,5.000
1973,2,17,none,arable,Ah,AB,1.508,0.883,*,5.000
1973,2,18,FYM,arable,Ah,AB,1.508,0.912,*,5.000
1973,2,19,none,arable,Ar,AF,1.508,0.852,*,5.000
1973,2,20,FYM,arable,Ar,AF,1.508,1.119,*,5.000
1973,2,21,FYM,alternating,Ah/L,LC8,1.508,0.904,*,5.000
1973,2,22,none,alternating,Ah/L,LC8,1.508,0.875,*,5.000
1973,2,23,none,alternating,L/Ah,LC8,1.508,0.972,*,5.000
1973,2,24,FYM,alternating,L/Ah,LC8,1.508,1.260,*,5.000
1973,2,25,FYM,alternating,Lu/Ar,LN8,1.508,1.015,*,5.000
1973,2,26,none,alternating,Lu/Ar,LN8,1.508,0.871,*,5.000
1973,2,27,none,alternating,Ar/Lu,LN8,1.508,1.046,*,5.000
1973,2,28,FYM,alternating,Ar/Lu,LN8,1.508,1.176,*,5.000
1973,2,29,none,ley_arable,Lu,LC3,1.388,0.875,*,5.000
1973,2,30,FYM,ley_arable,Lu,LC3,1.388,1.020,*,5.000
1973,2,31,none,ley_arable,L,LN3,1.388,1.258,*,5.000
1973,2,32,FYM,ley_arable,L,LN3,1.388,1.501,*,5.000
1974,1,1,FYM,arable,Ah,AB,1.508,0.912,*,5.000
1974,1,2,none,arable,Ah,AB,1.508,0.865,*,5.000
1974,1,3,none,ley_arable,Lu,LC3,1.388,0.896,*,5.000
1974,1,4,FYM,ley_arable,Lu,LC3,1.388,1.212,*,5.000
1974,1,5,FYM,arable,Ar,AF,1.508,0.836,*,5.000
1974,1,6,none,arable,Ar,AF,1.508,0.757,*,5.000
1974,1,7,none,alternating,L/Ah,LC8,1.508,0.971,*,5.000
1974,1,8,FYM,alternating,L/Ah,LC8,1.508,1.200,*,5.000
1974,1,9,none,alternating,Ar/Lu,LN8,1.508,0.827,*,5.000
1974,1,10,FYM,alternating,Ar/Lu,LN8,1.508,0.979,*,5.000
1974,1,11,FYM,alternating,Lu/Ar,LN8,1.508,1.085,*,5.000
1974,1,12,none,alternating,Lu/Ar,LN8,1.508,1.098,*,5.000
1974,1,13,FYM,ley_arable,L,LN3,1.388,1.230,*,5.000
1974,1,14,none,ley_arable,L,LN3,1.388,1.025,*,5.000
1974,1,15,none,alternating,Ah/L,LC8,1.508,0.942,*,5.000
1974,1,16,FYM,alternating,Ah/L,LC8,1.508,1.179,*,5.000
1975,3,33,FYM,ley_arable,Lc3,LC3,1.388,1.180,*,5.000
1975,3,34,none,ley_arable,Lc3,LC3,1.388,1.018,*,5.000
1975,3,35,FYM,leyn_8yr,LLn8_1st_cycle,LN8_1st,1.388,1.171,*,5.000
1975,3,36,none,leyn_8yr,LLn8_1st_cycle,LN8_1st,1.388,1.216,*,5.000
1975,3,37,none,alternating,Lu/Ar,LN8,1.388,0.970,*,5.000
1975,3,38,FYM,alternating,Lu/Ar,LN8,1.388,1.090,*,5.000
1975,3,39,FYM,arable,AF,AF,1.508,1.009,*,5.000
1975,3,40,none,arable,AF,AF,1.508,0.958,*,5.000
1975,3,41,none,alternating,L/Ah,LC8,1.388,0.932,*,5.000
1975,3,42,FYM,alternating,L/Ah,LC8,1.388,1.018,*,5.000
1975,3,43,none,ley_arable,Ln3,LN3,1.388,1.216,*,5.000
1975,3,44,FYM,ley_arable,Ln3,LN3,1.388,1.432,*,5.000
1975,3,45,none,arable,AB,AB,1.508,0.949,*,5.000
1975,3,46,FYM,arable,AB,AB,1.508,1.099,*,5.000
1975,3,47,none,leyc_8yr,LLc8_1st_cycle,LC8_1st,1.388,1.018,*,5.000
1975,3,48,FYM,leyc_8yr,LLc8_1st_cycle,LC8_1st,1.388,1.252,*,5.000
1976,5,65,none,ley_arable,Ln3,LN3,1.388,1.121,*,5.000
1976,5,66,FYM,ley_arable,Ln3,LN3,1.388,1.265,*,5.000
1976,5,67,FYM,arable,AB,AB,1.508,1.202,*,5.000
1976,5,68,none,arable,AB,AB,1.508,1.157,*,5.000
1976,5,69,none,alternating,Lu/Ar,LN8,1.388,0.941,*,5.000
1976,5,70,FYM,alternating,Lu/Ar,LN8,1.388,1.112,*,5.000
1976,5,71,none,leyn_8yr,LLn8_1st_cycle,LN8_1st,1.388,1.150,*,5.000
1976,5,72,FYM,leyn_8yr,LLn8_1st_cycle,LN8_1st,1.388,1.250,*,5.000
1976,5,73,FYM,arable,AF,AF,1.508,0.926,*,5.000
1976,5,74,none,arable,AF,AF,1.508,0.896,*,5.000
1976,5,75,FYM,leyc_8yr,LLc8_1st_cycle,LC8_1st,1.388,1.166,*,5.000
1976,5,76,none,leyc_8yr,LLc8_1st_cycle,LC8_1st,1.388,1.157,*,5.000
1976,5,77,FYM,alternating,L/Ah,LC8,1.388,1.058,*,5.000
1976,5,78,none,alternating,L/Ah,LC8,1.388,0.915,*,5.000
1976,5,79,none,ley_arable,Lc3,LC3,1.388,1.040,*,5.000
1976,5,80,FYM,ley_arable,Lc3,LC3,1.388,1.229,*,5.000
1977,4,49,FYM,leyc_8yr,LLc8_1st_cycle,LC8_1st,1.388,1.016,*,5.000
1977,4,50,none,leyc_8yr,LLc8_1st_cycle,LC8_1st,1.388,1.034,*,5.000
1977,4,51,none,leyn_8yr,LLn8_1st_cycle,LN8_1st,1.388,1.034,*,5.000
1977,4,52,FYM,leyn_8yr,LLn8_1st_cycle,LN8_1st,1.388,1.268,*,5.000
1977,4,53,none,arable,AB,AB,1.508,1.007,*,5.000
1977,4,54,FYM,arable,AB,AB,1.508,1.115,*,5.000
1977,4,55,none,alternating,L/Ah,LC8,1.388,1.151,*,5.000
1977,4,56,FYM,alternating,L/Ah,LC8,1.388,1.313,*,5.000
1977,4,57,FYM,ley_arable,Ln3,LN3,1.388,1.250,*,5.000
1977,4,58,none,ley_arable,Ln3,LN3,1.388,1.232,*,5.000
1977,4,59,FYM,ley_arable,Lc3,LC3,1.388,1.295,*,5.000
1977,4,60,none,ley_arable,Lc3,LC3,1.388,1.250,*,5.000
1977,4,61,none,alternating,Lu/Ar,LN8,1.388,0.991,*,5.000
1977,4,62,FYM,alternating,Lu/Ar,LN8,1.388,1.133,*,5.000
1977,4,63,FYM,arable,AF,AF,1.508,1.034,*,5.000
1977,4,64,none,arable,AF,AF,1.508,1.106,*,5.000
1978,2,17,none,arable,AB,AB,1.508,0.735,*,5.000
1978,2,18,FYM,arable,AB,AB,1.508,0.832,*,5.000
1978,2,19,none,arable,AF,AF,1.508,0.773,*,5.000
1978,2,20,FYM,arable,AF,AF,1.508,0.981,*,5.000
1978,2,21,FYM,leyc_8yr,LLc8_1st_cycle,LC8_1st,1.388,0.859,*,5.000
1978,2,22,none,leyc_8yr,LLc8_1st_cycle,LC8_1st,1.388,0.821,*,5.000
1978,2,23,none,alternating,L/Ah,LC8,1.388,0.932,*,5.000
1978,2,24,FYM,alternating,L/Ah,LC8,1.388,1.152,*,5.000
1978,2,25,FYM,alternating,Lu/Ar,LN8,1.388,0.981,*,5.000
1978,2,26,none,alternating,Lu/Ar,LN8,1.388,0.881,*,5.000
1978,2,27,none,leyn_8yr,LLn8_1st_cycle,LN8_1st,1.388,0.972,*,5.000
1978,2,28,FYM,leyn_8yr,LLn8_1st_cycle,LN8_1st,1.388,1.152,*,5.000
1978,2,29,none,ley_arable,Lc3,LC3,1.388,0.837,*,5.000
1978,2,30,FYM,ley_arable,Lc3,LC3,1.388,0.932,*,5.000
1978,2,31,none,ley_arable,Ln3,LN3,1.388,1.062,*,5.000
1978,2,32,FYM,ley_arable,Ln3,LN3,1.388,1.206,*,5.000
1979,1,1,FYM,arable,AB,AB,1.508,0.780,*,*
1979,1,2,none,arable,AB,AB,1.508,0.820,*,*
1979,1,3,none,ley_arable,Lc3,LC3,1.388,0.900,*,*
1979,1,4,FYM,ley_arable,Lc3,LC3,1.388,1.320,*,*
1979,1,5,FYM,arable,AF,AF,1.508,0.670,*,*
1979,1,6,none,arable,AF,AF,1.508,0.620,*,*
1979,1,7,none,alternating,L/Ah,LC8,1.388,1.000,*,*
1979,1,8,FYM,alternating,L/Ah,LC8,1.388,1.220,*,*
1979,1,9,none,leyn_8yr,LLn8_1st_cycle,LN8_1st,1.388,0.790,*,*
1979,1,10,FYM,leyn_8yr,LLn8_1st_cycle,LN8_1st,1.388,0.920,*,*
1979,1,11,FYM,alternating,Lu/Ar,LN8,1.388,1.040,*,*
1979,1,12,none,alternating,Lu/Ar,LN8,1.388,1.100,*,*
1979,1,13,FYM,ley_arable,Ln3,LN3,1.388,1.100,*,*
1979,1,14,none,ley_arable,Ln3,LN3,1.388,0.990,*,*
1979,1,15,none,leyc_8yr,LLc8_1st_cycle,LC8_1st,1.388,0.910,*,*
1979,1,16,FYM,leyc_8yr,LLc8_1st_cycle,LC8_1st,1.388,1.210,*,*
1980,3,33,FYM,ley_arable,Lc3,LC3,1.388,1.040,0.106,*
1980,3,34,none,ley_arable,Lc3,LC3,1.388,0.950,0.094,*
1980,3,35,FYM,leyn_8yr,LLn8_1st_cycle,LN8_1st,1.388,1.080,0.103,*
1980,3,36,none,leyn_8yr,LLn8_1st_cycle,LN8_1st,1.388,1.070,0.101,*
1980,3,37,none,leyn_8yr,Lln8_2nd_cycle,LN8_2nd,1.388,0.960,0.095,*
1980,3,38,FYM,leyn_8yr,Lln8_2nd_cycle,LN8_2nd,1.388,1.110,0.108,*
1980,3,39,FYM,arable,AF,AF,1.508,0.860,0.087,*
1980,3,40,none,arable,AF,AF,1.508,0.870,0.081,*
1980,3,41,none,leyc_8yr,LLc8_2nd_cycle,LC8_2nd,1.388,0.950,0.096,*
1980,3,42,FYM,leyc_8yr,LLc8_2nd_cycle,LC8_2nd,1.388,1.090,0.107,*
1980,3,43,none,ley_arable,Ln3,LN3,1.388,1.270,0.117,*
1980,3,44,FYM,ley_arable,Ln3,LN3,1.388,1.530,0.135,*
1980,3,45,none,arable,AB,AB,1.508,0.930,0.094,*
1980,3,46,FYM,arable,AB,AB,1.508,1.050,0.106,*
1980,3,47,none,leyc_8yr,LLc8_1st_cycle,LC8_1st,1.388,1.100,0.107,*
1980,3,48,FYM,leyc_8yr,LLc8_1st_cycle,LC8_1st,1.388,1.350,0.125,*
1981,5,65,none,ley_arable,Ln3,LN3,1.388,1.020,0.105,*
1981,5,66,FYM,ley_arable,Ln3,LN3,1.388,1.210,0.118,*
1981,5,67,FYM,arable,AB,AB,1.508,1.100,0.110,*
1981,5,68,none,arable,AB,AB,1.508,1.060,0.105,*
1981,5,69,none,leyn_8yr,Lln8_2nd_cycle,LN8_2nd,1.388,0.910,0.093,*
1981,5,70,FYM,leyn_8yr,Lln8_2nd_cycle,LN8_2nd,1.388,1.040,0.105,*
1981,5,71,none,leyn_8yr,LLn8_1st_cycle,LN8_1st,1.388,1.110,0.110,*
1981,5,72,FYM,leyn_8yr,LLn8_1st_cycle,LN8_1st,1.388,1.210,0.116,*
1981,5,73,FYM,arable,AF,AF,1.508,0.830,0.085,*
1981,5,74,none,arable,AF,AF,1.508,0.790,0.081,*
1981,5,75,FYM,leyc_8yr,LLc8_1st_cycle,LC8_1st,1.388,1.230,0.121,*
1981,5,76,none,leyc_8yr,LLc8_1st_cycle,LC8_1st,1.388,1.160,0.114,*
1981,5,77,FYM,leyc_8yr,LLc8_2nd_cycle,LC8_2nd,1.388,0.960,0.095,*
1981,5,78,none,leyc_8yr,LLc8_2nd_cycle,LC8_2nd,1.388,0.900,0.091,*
1981,5,79,none,ley_arable,Lc3,LC3,1.388,1.000,0.100,*
1981,5,80,FYM,ley_arable,Lc3,LC3,1.388,1.230,0.117,*
1982,4,49,FYM,leyc_8yr,LLc8_1st_cycle,LC8_1st,1.388,1.180,0.116,*
1982,4,50,none,leyc_8yr,LLc8_1st_cycle,LC8_1st,1.388,1.180,0.113,*
1982,4,51,none,leyn_8yr,LLn8_1st_cycle,LN8_1st,1.388,1.220,0.112,*
1982,4,52,FYM,leyn_8yr,LLn8_1st_cycle,LN8_1st,1.388,1.290,0.121,*
1982,4,53,none,arable,AB,AB,1.508,0.980,0.102,*
1982,4,54,FYM,arable,AB,AB,1.508,1.090,0.109,*
1982,4,55,none,leyc_8yr,LLc8_2nd_cycle,LC8_2nd,1.388,1.180,0.113,*
1982,4,56,FYM,leyc_8yr,LLc8_2nd_cycle,LC8_2nd,1.388,1.320,0.124,*
1982,4,57,FYM,ley_arable,Ln3,LN3,1.388,1.190,0.118,*
1982,4,58,none,ley_arable,Ln3,LN3,1.388,1.250,0.119,*
1982,4,59,FYM,ley_arable,Lc3,LC3,1.388,1.210,0.120,*
1982,4,60,none,ley_arable,Lc3,LC3,1.388,1.290,0.121,*
1982,4,61,none,leyn_8yr,Lln8_2nd_cycle,LN8_2nd,1.388,0.970,0.097,*
1982,4,62,FYM,leyn_8yr,Lln8_2nd_cycle,LN8_2nd,1.388,1.140,0.114,*
1982,4,63,FYM,arable,AF,AF,1.508,1.050,0.100,*
1982,4,64,none,arable,AF,AF,1.508,1.070,0.102,*
1983,2,17,none,arable,AB,AB,1.508,0.680,0.070,*
1983,2,18,FYM,arable,AB,AB,1.508,0.780,0.078,*
1983,2,19,none,arable,AF,AF,1.508,0.670,0.068,*
1983,2,20,FYM,arable,AF,AF,1.508,0.840,0.082,*
1983,2,21,FYM,leyc_8yr,LLc8_1st_cycle,LC8_1st,1.388,1.000,0.097,*
1983,2,22,none,leyc_8yr,LLc8_1st_cycle,LC8_1st,1.388,1.000,0.096,*
1983,2,23,none,leyc_8yr,LLc8_2nd_cycle,LC8_2nd,1.388,1.050,0.104,*
1983,2,24,FYM,leyc_8yr,LLc8_2nd_cycle,LC8_2nd,1.388,1.240,0.119,*
1983,2,25,FYM,leyn_8yr,Lln8_2nd_cycle,LN8_2nd,1.388,1.040,0.099,*
1983,2,26,none,leyn_8yr,Lln8_2nd_cycle,LN8_2nd,1.388,0.950,0.090,*
1983,2,27,none,leyn_8yr,LLn8_1st_cycle,LN8_1st,1.388,1.090,0.100,*
1983,2,28,FYM,leyn_8yr,LLn8_1st_cycle,LN8_1st,1.388,1.400,0.120,*
1983,2,29,none,ley_arable,Lc3,LC3,1.388,0.940,0.092,*
1983,2,30,FYM,ley_arable,Lc3,LC3,1.388,1.020,0.100,*
1983,2,31,none,ley_arable,Ln3,LN3,1.388,1.170,0.114,*
1983,2,32,FYM,ley_arable,Ln3,LN3,1.388,1.380,0.126,*
1984,1,1,FYM,arable,AB,AB,1.508,0.730,0.074,*
1984,1,2,none,arable,AB,AB,1.508,0.730,0.074,*
1984,1,3,none,ley_arable,Lc3,LC3,1.388,0.950,0.093,*
1984,1,4,FYM,ley_arable,Lc3,LC3,1.388,1.150,0.110,*
1984,1,5,FYM,arable,AF,AF,1.508,0.640,0.063,*
1984,1,6,none,arable,AF,AF,1.508,0.590,0.061,*
1984,1,7,none,leyc_8yr,LLc8_2nd_cycle,LC8_2nd,1.388,0.930,0.092,*
1984,1,8,FYM,leyc_8yr,LLc8_2nd_cycle,LC8_2nd,1.388,1.120,0.107,*
1984,1,9,none,leyn_8yr,LLn8_1st_cycle,LN8_1st,1.388,0.860,0.081,*
1984,1,10,FYM,leyn_8yr,LLn8_1st_cycle,LN8_1st,1.388,1.000,0.093,*
1984,1,11,FYM,leyn_8yr,Lln8_2nd_cycle,LN8_2nd,1.388,1.000,0.095,*
1984,1,12,none,leyn_8yr,Lln8_2nd_cycle,LN8_2nd,1.388,1.010,0.096,*
1984,1,13,FYM,ley_arable,Ln3,LN3,1.388,1.010,0.097,*
1984,1,14,none,ley_arable,Ln3,LN3,1.388,0.920,0.089,*
1984,1,15,none,leyc_8yr,LLc8_1st_cycle,LC8_1st,1.388,0.940,0.092,*
1984,1,16,FYM,leyc_8yr,LLc8_1st_cycle,LC8_1st,1.388,1.110,0.106,*
1985,3,33,FYM,ley_arable,Lc3,LC3,1.388,1.040,0.105,*
1985,3,34,none,ley_arable,Lc3,LC3,1.388,0.960,0.098,*
1985,3,35,FYM,leyn_8yr,LLn8_1st_cycle,LN8_1st,1.388,1.080,0.101,*
1985,3,36,none,leyn_8yr,LLn8_1st_cycle,LN8_1st,1.388,1.100,0.102,*
1985,3,37,none,leyn_8yr,Lln8_2nd_cycle,LN8_2nd,1.388,1.090,0.103,*
1985,3,38,FYM,leyn_8yr,Lln8_2nd_cycle,LN8_2nd,1.388,1.230,0.115,*
1985,3,39,FYM,arable,AF,AF,1.508,0.840,0.082,*
1985,3,40,none,arable,AF,AF,1.508,0.780,0.074,*
1985,3,41,none,leyc_8yr,LLc8_2nd_cycle,LC8_2nd,1.388,1.080,0.105,*
1985,3,42,FYM,leyc_8yr,LLc8_2nd_cycle,LC8_2nd,1.388,1.190,0.115,*
1985,3,43,none,ley_arable,Ln3,LN3,1.388,1.170,0.111,*
1985,3,44,FYM,ley_arable,Ln3,LN3,1.388,1.390,0.125,*
1985,3,45,none,arable,AB,AB,1.508,0.890,0.089,*
1985,3,46,FYM,arable,AB,AB,1.508,1.060,0.104,*
1985,3,47,none,leyc_8yr,LLc8_1st_cycle,LC8_1st,1.388,1.110,0.107,*
1985,3,48,FYM,leyc_8yr,LLc8_1st_cycle,LC8_1st,1.388,1.320,0.122,*
1986,5,65,none,ley_arable,Ln3,LN3,1.388,1.040,0.106,*
1986,5,66,FYM,ley_arable,Ln3,LN3,1.388,1.240,0.124,*
1986,5,67,FYM,arable,AB,AB,1.508,1.110,0.111,*
1986,5,68,none,arable,AB,AB,1.508,1.250,0.115,*
1986,5,69,none,leyn_8yr,Lln8_2nd_cycle,LN8_2nd,1.388,1.140,0.111,*
1986,5,70,FYM,leyn_8yr,Lln8_2nd_cycle,LN8_2nd,1.388,1.170,0.112,*
1986,5,71,none,leyn_8yr,LLn8_1st_cycle,LN8_1st,1.388,1.150,0.113,*
1986,5,72,FYM,leyn_8yr,LLn8_1st_cycle,LN8_1st,1.388,1.210,0.111,*
1986,5,73,FYM,arable,AF,AF,1.508,0.840,0.084,*
1986,5,74,none,arable,AF,AF,1.508,0.810,0.081,*
1986,5,75,FYM,leyc_8yr,LLc8_1st_cycle,LC8_1st,1.388,1.270,0.124,*
1986,5,76,none,leyc_8yr,LLc8_1st_cycle,LC8_1st,1.388,1.210,0.119,*
1986,5,77,FYM,leyc_8yr,LLc8_2nd_cycle,LC8_2nd,1.388,1.020,0.100,*
1986,5,78,none,leyc_8yr,LLc8_2nd_cycle,LC8_2nd,1.388,1.060,0.101,*
1986,5,79,none,ley_arable,Lc3,LC3,1.388,1.130,0.110,*
1986,5,80,FYM,ley_arable,Lc3,LC3,1.388,1.270,0.121,*
1987,4,49,FYM,leyc_8yr,LLc8_1st_cycle,LC8_1st,1.388,1.160,0.115,*
1987,4,50,none,leyc_8yr,LLc8_1st_cycle,LC8_1st,1.388,1.250,0.121,*
1987,4,51,none,leyn_8yr,LLn8_1st_cycle,LN8_1st,1.388,1.160,0.109,*
1987,4,52,FYM,leyn_8yr,LLn8_1st_cycle,LN8_1st,1.388,1.310,0.123,*
1987,4,53,none,arable,AB,AB,1.508,1.010,0.101,*
1987,4,54,FYM,arable,AB,AB,1.508,1.120,0.113,*
1987,4,55,none,leyc_8yr,LLc8_2nd_cycle,LC8_2nd,1.388,1.240,0.120,*
1987,4,56,FYM,leyc_8yr,LLc8_2nd_cycle,LC8_2nd,1.388,1.370,0.127,*
1987,4,57,FYM,ley_arable,Ln3,LN3,1.388,1.260,0.122,*
1987,4,58,none,ley_arable,Ln3,LN3,1.388,1.180,0.117,*
1987,4,59,FYM,ley_arable,Lc3,LC3,1.388,1.290,0.126,*
1987,4,60,none,ley_arable,Lc3,LC3,1.388,1.400,0.130,*
1987,4,61,none,leyn_8yr,Lln8_2nd_cycle,LN8_2nd,1.388,1.040,0.103,*
1987,4,62,FYM,leyn_8yr,Lln8_2nd_cycle,LN8_2nd,1.388,1.280,0.125,*
1987,4,63,FYM,arable,AF,AF,1.508,1.010,0.100,*
1987,4,64,none,arable,AF,AF,1.508,1.130,0.105,*
1988,2,17,none,arable,AB,AB,1.508,0.710,0.074,*
1988,2,18,FYM,arable,AB,AB,1.508,0.740,0.077,*
1988,2,19,none,arable,AF,AF,1.508,0.650,0.068,*
1988,2,20,FYM,arable,AF,AF,1.508,0.870,0.085,*
1988,2,21,FYM,leyc_8yr,LLc8_1st_cycle,LC8_1st,1.388,1.070,0.106,*
1988,2,22,none,leyc_8yr,LLc8_1st_cycle,LC8_1st,1.388,1.000,0.098,*
1988,2,23,none,leyc_8yr,LLc8_2nd_cycle,LC8_2nd,1.388,1.130,0.110,*
1988,2,24,FYM,leyc_8yr,LLc8_2nd_cycle,LC8_2nd,1.388,1.260,0.116,*
1988,2,25,FYM,leyn_8yr,Lln8_2nd_cycle,LN8_2nd,1.388,1.060,0.105,*
1988,2,26,none,leyn_8yr,Lln8_2nd_cycle,LN8_2nd,1.388,1.010,0.098,*
1988,2,27,none,leyn_8yr,LLn8_1st_cycle,LN8_1st,1.388,1.080,0.105,*
1988,2,28,FYM,leyn_8yr,LLn8_1st_cycle,LN8_1st,1.388,1.280,0.119,*
1988,2,29,none,ley_arable,Lc3,LC3,1.388,0.950,0.096,*
1988,2,30,FYM,ley_arable,Lc3,LC3,1.388,1.020,0.102,*
1988,2,31,none,ley_arable,Ln3,LN3,1.388,1.080,0.109,*
1988,2,32,FYM,ley_arable,Ln3,LN3,1.388,1.540,0.139,*
1989,1,1,FYM,arable,AB,AB,1.508,0.800,0.081,*
1989,1,2,none,arable,AB,AB,1.508,0.800,0.080,*
1989,1,3,none,ley_arable,Lc3,LC3,1.388,0.970,0.098,*
1989,1,4,FYM,ley_arable,Lc3,LC3,1.388,1.290,0.124,*
1989,1,5,FYM,arable,AF,AF,1.508,0.630,0.067,*
1989,1,6,none,arable,AF,AF,1.508,0.620,0.063,*
1989,1,7,none,leyc_8yr,LLc8_2nd_cycle,LC8_2nd,1.388,1.060,0.106,*
1989,1,8,FYM,leyc_8yr,LLc8_2nd_cycle,LC8_2nd,1.388,1.280,0.120,*
1989,1,9,none,leyn_8yr,LLn8_1st_cycle,LN8_1st,1.388,0.880,0.087,*
1989,1,10,FYM,leyn_8yr,LLn8_1st_cycle,LN8_1st,1.388,1.010,0.098,*
1989,1,11,FYM,leyn_8yr,LLn8_2nd_cycle,LN8_2nd,1.388,1.120,0.107,*
1989,1,12,none,leyn_8yr,LLn8_2nd_cycle,LN8_2nd,1.388,1.240,0.117,*
1989,1,13,FYM,ley_arable,Ln3,LN3,1.388,1.020,0.102,*
1989,1,14,none,ley_arable,Ln3,LN3,1.388,0.960,0.093,*
1989,1,15,none,leyc_8yr,LLc8_1st_cycle,LC8_1st,1.388,1.050,0.103,*
1989,1,16,FYM,leyc_8yr,LLc8_1st_cycle,LC8_1st,1.388,1.300,0.124,*
1990,3,33,FYM,ley_arable,Lc3,LC3,1.388,1.100,0.106,*
1990,3,34,none,ley_arable,Lc3,LC3,1.388,0.950,0.093,*
1990,3,35,FYM,leyn_8yr,LLn8_1st_cycle,LN8_1st,1.388,1.090,0.101,*
1990,3,36,none,leyn_8yr,LLn8_1st_cycle,LN8_1st,1.388,1.170,0.107,*
1990,3,37,none,leyn_8yr,Lln8_2nd_cycle,LN8_2nd,1.388,1.040,0.099,*
1990,3,38,FYM,leyn_8yr,Lln8_2nd_cycle,LN8_2nd,1.388,1.140,0.110,*
1990,3,39,FYM,arable,AF,AF,1.508,0.850,0.081,*
1990,3,40,none,arable,AF,AF,1.508,0.790,0.073,*
1990,3,41,none,leyc_8yr,LLc8_2nd_cycle,LC8_2nd,1.388,1.070,0.106,*
1990,3,42,FYM,leyc_8yr,LLc8_2nd_cycle,LC8_2nd,1.388,1.210,0.116,*
1990,3,43,none,ley_arable,Ln3,LN3,1.388,1.160,0.110,*
1990,3,44,FYM,ley_arable,Ln3,LN3,1.388,1.400,0.132,*
1990,3,45,none,arable,AB,AB,1.508,0.940,0.089,*
1990,3,46,FYM,arable,AB,AB,1.508,0.980,0.096,*
1990,3,47,none,leyc_8yr,LLc8_1st_cycle,LC8_1st,1.388,1.150,0.108,*
1990,3,48,FYM,leyc_8yr,LLc8_1st_cycle,LC8_1st,1.388,1.180,0.108,*
1991,5,65,none,ley_arable,Ln3,LN3,1.388,1.030,0.105,*
1991,5,66,FYM,ley_arable,Ln3,LN3,1.388,1.160,0.117,*
1991,5,67,FYM,arable,AB,AB,1.508,1.090,0.110,*
1991,5,68,none,arable,AB,AB,1.508,1.040,0.099,*
1991,5,69,none,leyn_8yr,Lln8_2nd_cycle,LN8_2nd,1.388,1.010,0.097,*
1991,5,70,FYM,leyn_8yr,Lln8_2nd_cycle,LN8_2nd,1.388,1.120,0.109,*
1991,5,71,none,leyn_8yr,LLn8_1st_cycle,LN8_1st,1.388,1.200,0.114,*
1991,5,72,FYM,leyn_8yr,LLn8_1st_cycle,LN8_1st,1.388,1.360,0.123,*
1991,5,73,FYM,arable,AF,AF,1.508,0.810,0.081,*
1991,5,74,none,arable,AF,AF,1.508,0.770,0.075,*
1991,5,75,FYM,leyc_8yr,LLc8_1st_cycle,LC8_1st,1.388,1.270,0.120,*
1991,5,76,none,leyc_8yr,LLc8_1st_cycle,LC8_1st,1.388,1.160,0.109,*
1991,5,77,FYM,leyc_8yr,LLc8_2nd_cycle,LC8_2nd,1.388,1.110,0.109,*
1991,5,78,none,leyc_8yr,LLc8_2nd_cycle,LC8_2nd,1.388,0.960,0.093,*
1991,5,79,none,ley_arable,Lc3,LC3,1.388,1.050,0.102,*
1991,5,80,FYM,ley_arable,Lc3,LC3,1.388,1.310,0.124,*
1992,4,49,FYM,leyc_8yr,LLc8_1st_cycle,LC8_1st,1.388,1.260,0.121,*
1992,4,50,none,leyc_8yr,LLc8_1st_cycle,LC8_1st,1.388,1.200,0.116,*
1992,4,51,none,leyn_8yr,LLn8_1st_cycle,LN8_1st,1.388,1.580,0.140,*
1992,4,52,FYM,leyn_8yr,LLn8_1st_cycle,LN8_1st,1.388,1.630,0.143,*
1992,4,53,none,arable,AB,AB,1.508,1.090,0.111,*
1992,4,54,FYM,arable,AB,AB,1.508,1.120,0.112,*
1992,4,55,none,leyc_8yr,LLc8_2nd_cycle,LC8_2nd,1.388,1.380,0.131,*
1992,4,56,FYM,leyc_8yr,LLc8_2nd_cycle,LC8_2nd,1.388,1.600,0.141,*
1992,4,57,FYM,ley_arable,Ln3,LN3,1.388,1.240,0.116,*
1992,4,58,none,ley_arable,Ln3,LN3,1.388,1.310,0.123,*
1992,4,59,FYM,ley_arable,Lc3,LC3,1.388,1.380,0.132,*
1992,4,60,none,ley_arable,Lc3,LC3,1.388,1.480,0.130,*
1992,4,61,none,leyn_8yr,Lln8_2nd_cycle,LN8_2nd,1.388,1.150,0.112,*
1992,4,62,FYM,leyn_8yr,Lln8_2nd_cycle,LN8_2nd,1.388,1.280,0.118,*
1992,4,63,FYM,arable,AF,AF,1.508,1.010,0.098,*
1992,4,64,none,arable,AF,AF,1.508,1.110,0.104,*
1993,2,17,none,arable,AB,AB,1.508,0.680,0.067,*
1993,2,18,FYM,arable,AB,AB,1.508,0.840,0.078,*
1993,2,19,none,arable,AF,AF,1.508,0.730,0.068,*
1993,2,20,FYM,arable,AF,AF,1.508,0.870,0.080,*
1993,2,21,FYM,leyc_8yr,LLc8_1st_cycle,LC8_1st,1.388,1.150,0.106,*
1993,2,22,none,leyc_8yr,LLc8_1st_cycle,LC8_1st,1.388,1.240,0.106,*
1993,2,23,none,leyc_8yr,LLc8_2nd_cycle,LC8_2nd,1.388,1.170,0.108,*
1993,2,24,FYM,leyc_8yr,LLc8_2nd_cycle,LC8_2nd,1.388,1.460,0.136,*
1993,2,25,FYM,leyn_8yr,Lln8_2nd_cycle,LN8_2nd,1.388,1.150,0.104,*
1993,2,26,none,leyn_8yr,Lln8_2nd_cycle,LN8_2nd,1.388,1.220,0.112,*
1993,2,27,none,leyn_8yr,LLn8_1st_cycle,LN8_1st,1.388,1.190,0.108,*
1993,2,28,FYM,leyn_8yr,LLn8_1st_cycle,LN8_1st,1.388,1.440,0.126,*
1993,2,29,none,ley_arable,Lc3,LC3,1.388,1.040,0.102,*
1993,2,30,FYM,ley_arable,Lc3,LC3,1.388,1.120,0.109,*
1993,2,31,none,ley_arable,Ln3,LN3,1.388,1.340,0.126,*
1993,2,32,FYM,ley_arable,Ln3,LN3,1.388,1.600,0.143,*
1994,1,1,FYM,arable,AB,AB,1.508,0.770,0.073,*
1994,1,2,none,arable,AB,AB,1.508,0.800,0.074,*
1994,1,3,none,ley_arable,Lc3,LC3,1.388,1.070,0.100,*
1994,1,4,FYM,ley_arable,Lc3,LC3,1.388,1.340,0.122,*
1994,1,5,FYM,arable,AF,AF,1.508,0.640,0.059,*
1994,1,6,none,arable,AF,AF,1.508,0.570,0.052,*
1994,1,7,none,leyc_8yr,LLc8_2nd_cycle,LC8_2nd,1.388,1.160,0.106,*
1994,1,8,FYM,leyc_8yr,LLc8_2nd_cycle,LC8_2nd,1.388,1.340,0.128,*
1994,1,9,none,leyn_8yr,LLn8_1st_cycle,LN8_1st,1.388,1.100,0.094,*
1994,1,10,FYM,leyn_8yr,LLn8_1st_cycle,LN8_1st,1.388,1.140,0.103,*
1994,1,11,FYM,leyn_8yr,Lln8_2nd_cycle,LN8_2nd,1.388,1.220,0.109,*
1994,1,12,none,leyn_8yr,Lln8_2nd_cycle,LN8_2nd,1.388,1.350,0.123,*
1994,1,13,FYM,ley_arable,Ln3,LN3,1.388,1.000,0.092,*
1994,1,14,none,ley_arable,Ln3,LN3,1.388,1.000,0.092,*
1994,1,15,none,leyc_8yr,LLc8_1st_cycle,LC8_1st,1.388,1.130,0.104,*
1994,1,16,FYM,leyc_8yr,LLc8_1st_cycle,LC8_1st,1.388,1.430,0.122,*
1995,3,33,FYM,ley_arable,Lc3,LC3,1.388,1.010,0.101,*
1995,3,34,none,ley_arable,Lc3,LC3,1.388,1.100,0.112,*
1995,3,35,FYM,leyn_8yr,LLn8_1st_cycle,LN8_1st,1.388,1.200,0.115,*
1995,3,36,none,leyn_8yr,LLn8_1st_cycle,LN8_1st,1.388,1.080,0.098,*
1995,3,37,none,leyn_8yr,Lln8_2nd_cycle,LN8_2nd,1.388,1.030,0.101,*
1995,3,38,FYM,leyn_8yr,Lln8_2nd_cycle,LN8_2nd,1.388,1.130,0.104,*
1995,3,39,FYM,arable,AF,AF,1.508,0.730,0.070,*
1995,3,40,none,arable,AF,AF,1.508,0.790,0.074,*
1995,3,41,none,leyc_8yr,LLc8_2nd_cycle,LC8_2nd,1.388,1.090,0.106,*
1995,3,42,FYM,leyc_8yr,LLc8_2nd_cycle,LC8_2nd,1.388,1.120,0.106,*
1995,3,43,none,ley_arable,Ln3,LN3,1.388,1.070,0.102,*
1995,3,44,FYM,ley_arable,Ln3,LN3,1.388,1.240,0.117,*
1995,3,45,none,arable,AB,AB,1.508,0.880,0.085,*
1995,3,46,FYM,arable,AB,AB,1.508,0.940,0.091,*
1995,3,47,none,leyc_8yr,LLc8_1st_cycle,LC8_1st,1.388,1.070,0.102,*
1995,3,48,FYM,leyc_8yr,LLc8_1st_cycle,LC8_1st,1.388,1.330,0.122,*
1996,5,65,none,ley_arable,Ln3,LN3,1.388,1.000,0.100,*
1996,5,66,FYM,ley_arable,Ln3,LN3,1.388,1.100,0.109,*
1996,5,67,FYM,arable,AB,AB,1.508,1.010,0.098,*
1996,5,68,none,arable,AB,AB,1.508,1.010,0.092,*
1996,5,69,none,leyn_8yr,Lln8_2nd_cycle,LN8_2nd,1.388,1.060,0.100,*
1996,5,70,FYM,leyn_8yr,Lln8_2nd_cycle,LN8_2nd,1.388,1.160,0.109,*
1996,5,71,none,leyn_8yr,LLn8_1st_cycle,LN8_1st,1.388,1.060,0.102,*
1996,5,72,FYM,leyn_8yr,LLn8_1st_cycle,LN8_1st,1.388,1.290,0.119,*
1996,5,73,FYM,arable,AF,AF,1.508,0.730,0.074,*
1996,5,74,none,arable,AF,AF,1.508,0.730,0.070,*
1996,5,75,FYM,leyc_8yr,LLc8_1st_cycle,LC8_1st,1.388,1.310,0.125,*
1996,5,76,none,leyc_8yr,LLc8_1st_cycle,LC8_1st,1.388,1.290,0.119,*
1996,5,77,FYM,leyc_8yr,LLc8_2nd_cycle,LC8_2nd,1.388,1.090,0.102,*
1996,5,78,none,leyc_8yr,LLc8_2nd_cycle,LC8_2nd,1.388,1.030,0.096,*
1996,5,79,none,ley_arable,Lc3,LC3,1.388,1.080,0.105,*
1996,5,80,FYM,ley_arable,Lc3,LC3,1.388,1.180,0.112,*
1997,4,49,FYM,leyc_8yr,LLc8_1st_cycle,LC8_1st,1.388,1.190,0.116,*
1997,4,50,none,leyc_8yr,LLc8_1st_cycle,LC8_1st,1.388,1.210,0.118,*
1997,4,51,none,leyn_8yr,LLn8_1st_cycle,LN8_1st,1.388,1.310,0.119,*
1997,4,52,FYM,leyn_8yr,LLn8_1st_cycle,LN8_1st,1.388,1.450,0.132,*
1997,4,53,none,arable,AB,AB,1.508,1.020,0.103,*
1997,4,54,FYM,arable,AB,AB,1.508,1.100,0.108,*
1997,4,55,none,leyc_8yr,LLc8_2nd_cycle,LC8_2nd,1.388,1.310,0.128,*
1997,4,56,FYM,leyc_8yr,LLc8_2nd_cycle,LC8_2nd,1.388,1.320,0.124,*
1997,4,57,FYM,ley_arable,Ln3,LN3,1.388,1.140,0.111,*
1997,4,58,none,ley_arable,Ln3,LN3,1.388,1.150,0.109,*
1997,4,59,FYM,ley_arable,Lc3,LC3,1.388,1.380,0.134,*
1997,4,60,none,ley_arable,Lc3,LC3,1.388,1.430,0.131,*
1997,4,61,none,leyn_8yr,Lln8_2nd_cycle,LN8_2nd,1.388,1.100,0.104,*
1997,4,62,FYM,leyn_8yr,Lln8_2nd_cycle,LN8_2nd,1.388,1.230,0.116,*
1997,4,63,FYM,arable,AF,AF,1.508,0.920,0.089,*
1997,4,64,none,arable,AF,AF,1.508,0.940,0.089,*
1998,2,17,none,arable,AB,AB,1.508,0.720,0.070,*
1998,2,18,FYM,arable,AB,AB,1.508,0.830,0.081,*
1998,2,19,none,arable,AF,AF,1.508,0.730,0.068,*
1998,2,20,FYM,arable,AF,AF,1.508,0.850,0.079,*
1998,2,21,FYM,leyc_8yr,LLc8_1st_cycle,LC8_1st,1.388,1.000,0.094,*
1998,2,22,none,leyc_8yr,LLc8_1st_cycle,LC8_1st,1.388,0.880,0.081,*
1998,2,23,none,leyc_8yr,LLc8_2nd_cycle,LC8_2nd,1.388,1.180,0.109,*
1998,2,24,FYM,leyc_8yr,LLc8_2nd_cycle,LC8_2nd,1.388,1.460,0.135,*
1998,2,25,FYM,leyn_8yr,Lln8_2nd_cycle,LN8_2nd,1.388,1.240,0.110,*
1998,2,26,none,leyn_8yr,Lln8_2nd_cycle,LN8_2nd,1.388,1.310,0.119,*
1998,2,27,none,leyn_8yr,LLn8_1st_cycle,LN8_1st,1.388,1.060,0.098,*
1998,2,28,FYM,leyn_8yr,LLn8_1st_cycle,LN8_1st,1.388,1.320,0.114,*
1998,2,29,none,ley_arable,Lc3,LC3,1.388,1.070,0.100,*
1998,2,30,FYM,ley_arable,Lc3,LC3,1.388,1.130,0.107,*
1998,2,31,none,ley_arable,Ln3,LN3,1.388,1.230,0.118,*
1998,2,32,FYM,ley_arable,Ln3,LN3,1.388,1.430,0.137,*
1999,1,1,FYM,arable,AB,AB,1.508,0.730,0.073,*
1999,1,2,none,arable,AB,AB,1.508,0.730,0.074,*
1999,1,3,none,ley_arable,Lc3,LC3,1.388,1.010,0.103,*
1999,1,4,FYM,ley_arable,Lc3,LC3,1.388,1.180,0.112,*
1999,1,5,FYM,arable,AF,AF,1.508,0.580,0.057,*
1999,1,6,none,arable,AF,AF,1.508,0.530,0.051,*
1999,1,7,none,leyc_8yr,LLc8_2nd_cycle,LC8_2nd,1.388,1.000,0.091,*
1999,1,8,FYM,leyc_8yr,LLc8_2nd_cycle,LC8_2nd,1.388,1.220,0.112,*
1999,1,9,none,leyn_8yr,LLn8_1st_cycle,LN8_1st,1.388,0.850,0.078,*
1999,1,10,FYM,leyn_8yr,LLn8_1st_cycle,LN8_1st,1.388,1.030,0.096,*
1999,1,11,FYM,leyn_8yr,Lln8_2nd_cycle,LN8_2nd,1.388,1.360,0.120,*
1999,1,12,none,leyn_8yr,Lln8_2nd_cycle,LN8_2nd,1.388,1.220,0.111,*
1999,1,13,FYM,ley_arable,Ln3,LN3,1.388,0.960,0.091,*
1999,1,14,none,ley_arable,Ln3,LN3,1.388,1.000,0.093,*
1999,1,15,none,leyc_8yr,LLc8_1st_cycle,LC8_1st,1.388,1.040,0.097,*
1999,1,16,FYM,leyc_8yr,LLc8_1st_cycle,LC8_1st,1.388,1.250,0.113,*
2000,3,33,FYM,ley_arable,Lc3,LC3,1.388,1.180,0.115,*
2000,3,34,none,ley_arable,Lc3,LC3,1.388,1.030,0.096,*
2000,3,35,FYM,leyn_8yr,LLn8_1st_cycle,LN8_1st,1.388,1.300,0.124,*
2000,3,36,none,leyn_8yr,LLn8_1st_cycle,LN8_1st,1.388,1.390,0.121,*
2000,3,37,none,leyn_8yr,Lln8_2nd_cycle,LN8_2nd,1.388,1.220,0.112,*
2000,3,38,FYM,leyn_8yr,Lln8_2nd_cycle,LN8_2nd,1.388,1.450,0.134,*
2000,3,39,FYM,arable,AM,AF,1.508,0.940,0.087,*
2000,3,40,none,arable,AM,AF,1.508,0.930,0.087,*
2000,3,41,none,leyc_8yr,LLc8_2nd_cycle,LC8_2nd,1.388,1.220,0.117,*
2000,3,42,FYM,leyc_8yr,LLc8_2nd_cycle,LC8_2nd,1.388,1.340,0.120,*
2000,3,43,none,ley_arable,Ln3,LN3,1.388,1.350,0.126,*
2000,3,44,FYM,ley_arable,Ln3,LN3,1.388,1.510,0.130,*
2000,3,45,none,arable,ABe,AB,1.508,1.040,0.093,*
2000,3,46,FYM,arable,ABe,AB,1.508,1.060,0.096,*
2000,3,47,none,leyc_8yr,LLc8_1st_cycle,LC8_1st,1.388,1.280,0.119,*
2000,3,48,FYM,leyc_8yr,LLc8_1st_cycle,LC8_1st,1.388,1.550,0.133,*
2001,5,65,none,ley_arable,Ln3,LN3,1.388,1.220,0.114,*
2001,5,66,FYM,ley_arable,Ln3,LN3,1.388,1.330,0.121,*
2001,5,67,FYM,arable,ABe,AB,1.508,1.140,0.106,*
2001,5,68,none,arable,ABe,AB,1.508,1.190,0.108,*
2001,5,69,none,leyn_8yr,Lln8_2nd_cycle,LN8_2nd,1.388,1.220,0.124,*
2001,5,70,FYM,leyn_8yr,Lln8_2nd_cycle,LN8_2nd,1.388,1.240,0.112,*
2001,5,71,none,leyn_8yr,LLn8_1st_cycle,LN8_1st,1.388,1.640,0.144,*
2001,5,72,FYM,leyn_8yr,LLn8_1st_cycle,LN8_1st,1.388,1.640,0.136,*
2001,5,73,FYM,arable,AM,AF,1.508,0.870,0.081,*
2001,5,74,none,arable,AM,AF,1.508,0.850,0.078,*
2001,5,75,FYM,leyc_8yr,LLc8_1st_cycle,LC8_1st,1.388,1.500,0.125,*
2001,5,76,none,leyc_8yr,LLc8_1st_cycle,LC8_1st,1.388,1.430,0.129,*
2001,5,77,FYM,leyc_8yr,LLc8_2nd_cycle,LC8_2nd,1.388,1.310,0.123,*
2001,5,78,none,leyc_8yr,LLc8_2nd_cycle,LC8_2nd,1.388,1.300,0.117,*
2001,5,79,none,ley_arable,Lc3,LC3,1.388,1.270,0.117,*
2001,5,80,FYM,ley_arable,Lc3,LC3,1.388,1.500,0.136,*
2002,4,49,FYM,leyc_8yr,LLc8_1st_cycle,LC8_1st,1.388,1.420,0.126,*
2002,4,50,none,leyc_8yr,LLc8_1st_cycle,LC8_1st,1.388,1.430,0.129,*
2002,4,51,none,leyn_8yr,LLn8_1st_cycle,LN8_1st,1.388,1.610,0.137,*
2002,4,52,FYM,leyn_8yr,LLn8_1st_cycle,LN8_1st,1.388,1.820,0.149,*
2002,4,53,none,arable,ABe,AB,1.508,1.040,0.101,*
2002,4,54,FYM,arable,ABe,AB,1.508,1.200,0.112,*
2002,4,55,none,leyc_8yr,LLc8_2nd_cycle,LC8_2nd,1.388,1.500,0.135,*
2002,4,56,FYM,leyc_8yr,LLc8_2nd_cycle,LC8_2nd,1.388,1.680,0.152,*
2002,4,57,FYM,ley_arable,Ln3,LN3,1.388,1.330,0.127,*
2002,4,58,none,ley_arable,Ln3,LN3,1.388,1.430,0.131,*
2002,4,59,FYM,ley_arable,Lc3,LC3,1.388,1.390,0.131,*
2002,4,60,none,ley_arable,Lc3,LC3,1.388,1.460,0.135,*
2002,4,61,none,leyn_8yr,Lln8_2nd_cycle,LN8_2nd,1.388,1.200,0.114,*
2002,4,62,FYM,leyn_8yr,Lln8_2nd_cycle,LN8_2nd,1.388,1.370,0.127,*
2002,4,63,FYM,arable,AM,AF,1.508,0.970,0.091,*
2002,4,64,none,arable,AM,AF,1.508,1.050,0.093,*
2003,2,17,none,arable,ABe,AB,1.508,0.730,0.072,*
2003,2,18,FYM,arable,ABe,AB,1.508,0.850,0.077,*
2003,2,19,none,arable,AM,AF,1.508,0.750,0.050,*
2003,2,20,FYM,arable,AM,AF,1.508,0.900,0.060,*
2003,2,21,FYM,leyc_8yr,LLc8_1st_cycle,LC8_1st,1.388,1.260,0.085,*
2003,2,22,none,leyc_8yr,LLc8_1st_cycle,LC8_1st,1.388,1.070,0.066,*
2003,2,23,none,leyc_8yr,LLc8_2nd_cycle,LC8_2nd,1.388,1.230,0.088,*
2003,2,24,FYM,leyc_8yr,LLc8_2nd_cycle,LC8_2nd,1.388,1.440,0.105,*
2003,2,25,FYM,leyn_8yr,Lln8_2nd_cycle,LN8_2nd,1.388,1.150,0.081,*
2003,2,26,none,leyn_8yr,Lln8_2nd_cycle,LN8_2nd,1.388,1.100,0.078,*
2003,2,27,none,leyn_8yr,LLn8_1st_cycle,LN8_1st,1.388,1.410,0.096,*
2003,2,28,FYM,leyn_8yr,LLn8_1st_cycle,LN8_1st,1.388,1.540,0.103,*
2003,2,29,none,ley_arable,Lc3,LC3,1.388,1.090,0.073,*
2003,2,30,FYM,ley_arable,Lc3,LC3,1.388,1.070,0.076,*
2003,2,31,none,ley_arable,Ln3,LN3,1.388,1.320,0.085,*
2003,2,32,FYM,ley_arable,Ln3,LN3,1.388,1.540,0.105,*
2004,1,1,FYM,arable,ABe,AB,1.508,0.730,0.049,*
2004,1,2,none,arable,ABe,AB,1.508,0.790,0.057,*
2004,1,3,none,ley_arable,Lc3,LC3,1.388,1.070,0.083,*
2004,1,4,FYM,ley_arable,Lc3,LC3,1.388,1.350,0.099,*
2004,1,5,FYM,arable,AM,AF,1.508,0.550,0.036,*
2004,1,6,none,arable,AM,AF,1.508,0.610,0.039,*
2004,1,7,none,leyc_8yr,LLc8_2nd_cycle,LC8_2nd,1.388,1.000,0.072,*
2004,1,8,FYM,leyc_8yr,LLc8_2nd_cycle,LC8_2nd,1.388,1.220,0.087,*
2004,1,9,none,leyn_8yr,LLn8_1st_cycle,LN8_1st,1.388,1.110,0.074,*
2004,1,10,FYM,leyn_8yr,LLn8_1st_cycle,LN8_1st,1.388,1.200,0.084,*
2004,1,11,FYM,leyn_8yr,Lln8_2nd_cycle,LN8_2nd,1.388,1.210,0.086,*
2004,1,12,none,leyn_8yr,Lln8_2nd_cycle,LN8_2nd,1.388,1.280,0.092,*
2004,1,13,FYM,ley_arable,Ln3,LN3,1.388,0.960,0.066,*
2004,1,14,none,ley_arable,Ln3,LN3,1.388,1.080,0.077,*
2004,1,15,none,leyc_8yr,LLc8_1st_cycle,LC8_1st,1.388,1.260,0.091,*
2004,1,16,FYM,leyc_8yr,LLc8_1st_cycle,LC8_1st,1.388,1.350,0.097,*
2005,3,33,FYM,ley_arable,Lc3,LC3,1.388,1.130,0.118,*
2005,3,34,none,ley_arable,Lc3,LC3,1.388,1.060,0.101,*
2005,3,35,FYM,leyn_8yr,LLn8_1st_cycle,LN8_1st,1.388,1.250,0.130,*
2005,3,36,none,leyn_8yr,LLn8_1st_cycle,LN8_1st,1.388,1.320,0.119,*
2005,3,37,none,leyn_8yr,Lln8_2nd_cycle,LN8_2nd,1.388,1.270,0.113,*
2005,3,38,FYM,leyn_8yr,Lln8_2nd_cycle,LN8_2nd,1.388,1.740,0.162,*
2005,3,39,FYM,arable,AM,AF,1.508,0.920,0.085,*
2005,3,40,none,arable,AM,AF,1.508,0.910,0.079,*
2005,3,41,none,leyc_8yr,LLc8_2nd_cycle,LC8_2nd,1.388,1.240,0.114,*
2005,3,42,FYM,leyc_8yr,LLc8_2nd_cycle,LC8_2nd,1.388,1.630,0.147,*
2005,3,43,none,ley_arable,Ln3,Ln3,1.388,1.500,0.135,*
2005,3,44,FYM,ley_arable,Ln3,Ln3,1.388,1.630,0.142,*
2005,3,45,none,arable,ABe,AB,1.508,0.980,0.096,*
2005,3,46,FYM,arable,ABe,AB,1.508,1.040,0.100,*
2005,3,47,none,leyc_8yr,LLc8_1st_cycle,LC8_1st,1.388,1.470,0.132,*
2005,3,48,FYM,leyc_8yr,LLc8_1st_cycle,LC8_1st,1.388,1.660,0.144,*
2006,5,65,none,ley_arable,Ln3,Ln3,1.388,1.120,0.107,*
2006,5,66,FYM,ley_arable,Ln3,Ln3,1.388,1.250,0.119,*
2006,5,67,FYM,arable,ABe,AB,1.508,1.070,0.103,*
2006,5,68,none,arable,ABe,AB,1.508,1.220,0.116,*
2006,5,69,none,leyn_8yr,Lln8_2nd_cycle,LN8_2nd,1.388,1.290,0.122,*
2006,5,70,FYM,leyn_8yr,Lln8_2nd_cycle,LN8_2nd,1.388,1.490,0.136,*
2006,5,71,none,leyn_8yr,LLn8_1st_cycle,LN8_1st,1.388,1.410,0.132,*
2006,5,72,FYM,leyn_8yr,LLn8_1st_cycle,LN8_1st,1.388,1.590,0.148,*
2006,5,73,FYM,arable,AM,AF,1.508,0.870,0.086,*
2006,5,74,none,arable,AM,AF,1.508,0.810,0.079,*
2006,5,75,FYM,leyc_8yr,LLc8_1st_cycle,LC8_1st,1.388,1.500,0.138,*
2006,5,76,none,leyc_8yr,LLc8_1st_cycle,LC8_1st,1.388,1.440,0.127,*
2006,5,77,FYM,leyc_8yr,LLc8_2nd_cycle,LC8_2nd,1.388,1.290,0.120,*
2006,5,78,none,leyc_8yr,LLc8_2nd_cycle,LC8_2nd,1.388,1.280,0.126,*
2006,5,79,none,ley_arable,Lc3,LC3,1.388,1.230,0.119,*
2006,5,80,FYM,ley_arable,Lc3,LC3,1.388,1.490,0.142,*
2007,4,49,FYM,leyc_8yr,LLc/ABe,LC8_1st,1.388,1.240,0.121,*
2007,4,50,none,leyc_8yr,LLc/ABe,LC8_1st,1.388,1.370,0.127,*
2007,4,51,none,leyn_8yr,Lln/AO,LN8_1st,1.388,1.510,0.136,*
2007,4,52,FYM,leyn_8yr,Lln/AO,LN8_1st,1.388,1.520,0.139,*
2007,4,53,none,arable,ABe,AB,1.508,0.940,0.094,*
2007,4,54,FYM,arable,ABe,AB,1.508,1.000,0.100,*
2007,4,55,none,leyc_8yr,LLc8_2nd_cycle,LC8_2nd,1.388,1.590,0.144,*
2007,4,56,FYM,leyc_8yr,LLc8_2nd_cycle,LC8_2nd,1.388,1.990,0.176,*
2007,4,57,FYM,ley_arable,Ln3,Ln3,1.388,1.320,0.126,*
2007,4,58,none,ley_arable,Ln3,Ln3,1.388,1.280,0.122,*
2007,4,59,FYM,ley_arable,Lc3,LC3,1.388,1.420,0.134,*
2007,4,60,none,ley_arable,Lc3,LC3,1.388,1.530,0.145,*
2007,4,61,none,leyn_8yr,Lln8_2nd_cycle,LN8_2nd,1.388,1.240,0.117,*
2007,4,62,FYM,leyn_8yr,Lln8_2nd_cycle,LN8_2nd,1.388,1.340,0.127,*
2007,4,63,FYM,arable,AM,AF,1.508,0.940,0.091,*
2007,4,64,none,arable,AM,AF,1.508,0.970,0.094,*
2008,2,17,none,arable,ABe,AB,1.508,0.680,0.062,*
2008,2,18,FYM,arable,ABe,AB,1.508,0.760,0.075,*
2008,2,19,none,arable,AM,AF,1.508,0.680,0.066,*
2008,2,20,FYM,arable,AM,AF,1.508,0.860,0.083,*
2008,2,21,FYM,leyc_8yr,Llc/ABe,LC8_1st,1.388,0.930,0.088,*
2008,2,22,none,leyc_8yr,Llc/ABe,LC8_1st,1.388,0.960,0.089,*
2008,2,23,none,leyc_8yr,LLc8_2nd_cycle,LC8_2nd,1.388,1.350,0.121,*
2008,2,24,FYM,leyc_8yr,LLc8_2nd_cycle,LC8_2nd,1.388,1.590,0.138,*
2008,2,25,FYM,leyn_8yr,Lln8_2nd_cycle,LN8_2nd,1.388,1.370,0.120,*
2008,2,26,none,leyn_8yr,Lln8_2nd_cycle,LN8_2nd,1.388,1.300,0.115,*
2008,2,27,none,leyn_8yr,Lln/AO,LN8_1st,1.388,1.170,0.104,*
2008,2,28,FYM,leyn_8yr,Lln/AO,LN8_1st,1.388,1.350,0.125,*
2008,2,29,none,ley_arable,Lc3,LC3,1.388,1.080,0.104,*
2008,2,30,FYM,ley_arable,Lc3,LC3,1.388,1.110,0.105,*
2008,2,31,none,ley_arable,Ln3,Ln3,1.388,1.140,0.102,*
2008,2,32,FYM,ley_arable,Ln3,Ln3,1.388,1.430,0.126,*
2009,1,1,FYM,arable,ABe,AB,1.508,0.690,0.065,*
2009,1,2,none,arable,ABe,AB,1.508,0.700,0.067,*
2009,1,3,none,ley_arable,Lc3,LC3,1.388,1.020,0.097,*
2009,1,4,FYM,ley_arable,Lc3,LC3,1.388,1.290,0.119,*
2009,1,5,FYM,arable,AM,AF,1.508,0.550,0.052,*
2009,1,6,none,arable,AM,AF,1.508,0.530,0.049,*
2009,1,7,none,leyc_8yr,LLc8_2nd_cycle,LC8_2nd,1.388,1.110,0.103,*
2009,1,8,FYM,leyc_8yr,LLc8_2nd_cycle,LC8_2nd,1.388,1.250,0.114,*
2009,1,9,none,leyn_8yr,LLn/AO,LN8_1st,1.388,0.920,0.086,*
2009,1,10,FYM,leyn_8yr,LLn/AO,LN8_1st,1.388,1.010,0.093,*
2009,1,11,FYM,leyn_8yr,Lln8_2nd_cycle,LN8_2nd,1.388,1.400,0.125,*
2009,1,12,none,leyn_8yr,Lln8_2nd_cycle,LN8_2nd,1.388,1.330,0.118,*
2009,1,13,FYM,ley_arable,Ln3,Ln3,1.388,0.970,0.090,*
2009,1,14,none,ley_arable,Ln3,Ln3,1.388,1.020,0.094,*
2009,1,15,none,leyc_8yr,LLc/ABe,LC8_1st,1.388,1.040,0.097,*
2009,1,16,FYM,leyc_8yr,LLc/ABe,LC8_1st,1.388,1.240,0.116,*
