harvest_year,strip,section,plot,section_1926-67,fertilizer_code,cropping,previous_crop,fym_factor_level,fym_applied,fym_date,castor_meal_factor_level,castor_meal_n_applied,castor_meal_date,n_factor_level,spring_n_kg/ha,spring_n_date,total_fertilizer_n_amount,p_factor_level,p_amount,p_date,k_factor_level,k_amount,k_date,na_factor_level,na_amount,na_date,mg_factor_level,mg_amount,mg_date,sow_date,harvest_date,cultivar,tgw,grain,straw,note
1968,1,2,1\2,II,FYM N2 PK,spring beans,winter wheat,FYM,35,1967-09-18,nil,0,*,N2,96,1968-03-26,96,P,35.000,1967-09-19,K,90,1967-09-19,nil,0,1967-09-19,nil,0.000,1967-09-19,1968-03-04,1968-09-06,Maris Bead,*,3.200,1.410,*
1968,21,2,21\2,II,FYM N2,spring beans,winter wheat,FYM,35,1967-09-18,nil,0,*,N2,96,1968-03-26,96,nil,0.000,*,nil,0,*,nil,0,*,nil,0.000,*,1968-03-04,1968-09-06,Maris Bead,*,4.540,2.910,10
1968,22,2,22\2,II,FYM,spring beans,winter wheat,FYM,35,1967-09-18,nil,0,*,nil,0,*,0,nil,0.000,*,nil,0,*,nil,0,*,nil,0.000,*,1968-03-04,1968-09-06,Maris Bead,*,5.270,3.860,11
1968,3,2,3\2,II,Nil,spring beans,winter wheat,nil,0,*,nil,0,*,nil,0,*,0,nil,0.000,*,nil,0,*,nil,0,*,nil,0.000,*,1968-03-04,1968-09-06,Maris Bead,*,1.330,0.900,*
1968,5,2,5\2,II,PKNaMg,spring beans,winter wheat,nil,0,*,nil,0,*,nil,0,*,0,P,35.000,1967-09-19,K,90,1967-09-19,Na,16,1967-09-19,Mg,11.000,1967-09-19,1968-03-04,1968-09-06,Maris Bead,*,4.010,2.640,*
1968,6,2,6\2,II,N1PKNaMg,spring beans,winter wheat,nil,0,*,nil,0,*,N1,48,1968-03-26,48,P,35.000,1967-09-19,K,90,1967-09-19,Na,16,1967-09-19,Mg,11.000,1967-09-19,1968-03-04,1968-09-06,Maris Bead,*,4.310,2.860,*
1968,7,2,7\2,II,N2PKNaMg,spring beans,winter wheat,nil,0,*,nil,0,*,N2,96,1968-03-26,96,P,35.000,1967-09-19,K,90,1967-09-19,Na,16,1967-09-19,Mg,11.000,1967-09-19,1968-03-04,1968-09-06,Maris Bead,*,4.620,2.950,*
1968,8,2,8\2,II,N3PKNaMg,spring beans,winter wheat,nil,0,*,nil,0,*,N3,144,1968-03-26,144,P,35.000,1967-09-19,K,90,1967-09-19,Na,16,1967-09-19,Mg,11.000,1967-09-19,1968-03-04,1968-09-06,Maris Bead,*,4.650,2.900,*
1968,9,2,9\2,II,N4PKNaMg,spring beans,winter wheat,nil,0,*,nil,0,*,N4,192,1968-03-26,192,P,35.000,1967-09-19,K,90,1967-09-19,Na,16,1967-09-19,Mg,11.000,1967-09-19,1968-03-04,1968-09-06,Maris Bead,*,4.450,2.320,*
1968,10,2,10\2,II,N2,spring beans,winter wheat,nil,0,*,nil,0,*,N2,96,1968-03-26,96,nil,0.000,*,nil,0,*,nil,0,*,nil,0.000,*,1968-03-04,1968-09-06,Maris Bead,*,0.760,0.680,*
1968,11,2,11\2,II,N2P,spring beans,winter wheat,nil,0,*,nil,0,*,N2,96,1968-03-26,96,P,35.000,1967-09-19,nil,0,*,nil,0,1967-09-19,nil,0.000,1967-09-19,1968-03-04,1968-09-06,Maris Bead,*,0.500,0.650,*
1968,12,2,12\2,II,N2PNa*,spring beans,winter wheat,nil,0,*,nil,0,*,N2,96,1968-03-26,96,P,35.000,1967-09-19,nil,0,*,Na*,57,1967-09-19,nil,0.000,1967-09-19,1968-03-04,1968-09-06,Maris Bead,*,0.550,0.910,*
1968,13,2,13\2,II,N2PK,spring beans,winter wheat,nil,0,*,nil,0,*,N2,96,1968-03-26,96,P,35.000,1967-09-19,K,90,1967-09-19,nil,0,1967-09-19,nil,0.000,1967-09-19,1968-03-04,1968-09-06,Maris Bead,*,3.480,2.150,*
1968,14,2,14\2,II,N2PKMg*,spring beans,winter wheat,nil,0,*,nil,0,*,N2,96,1968-03-26,96,P,35.000,1967-09-19,K,90,1967-09-19,nil,0,1967-09-19,Mg*,31.000,1967-09-19,1968-03-04,1968-09-06,Maris Bead,*,2.010,1.460,*
1968,15,2,15\2,II,N3PKNaMg,spring beans,winter wheat,nil,0,*,nil,0,*,N3,144,1968-03-26,144,P,35.000,1967-09-19,K,90,1967-09-19,Na,16,1967-09-19,Mg,11.000,1967-09-19,1968-03-04,1968-09-06,Maris Bead,*,3.920,2.250,*
1968,16,2,16\2,II,N2PKNaMg,spring beans,winter wheat,nil,0,*,nil,0,*,N2,96,1968-03-26,96,P,35.000,1967-09-19,K,90,1967-09-19,Na,16,1967-09-19,Mg,11.000,1967-09-19,1968-03-04,1968-09-06,Maris Bead,*,3.630,2.470,*
1968,17,2,17\2,II,N2 1/2[PKNaMg],spring beans,winter wheat,nil,0,*,nil,0,*,N2,96,1968-03-26,96,1/2 P,17.500,1967-09-19,1/2 K,45,1967-09-19,1/2 Na,8,1967-09-19,1/2 Mg,5.500,1967-09-19,1968-03-04,1968-09-06,Maris Bead,*,3.530,1.830,*
1968,18,2,18\2,II,N2 1/2[PKNaMg],spring beans,winter wheat,nil,0,*,nil,0,*,N2,96,1968-03-26,96,1/2 P,17.500,1967-09-19,1/2 K,45,1967-09-19,1/2 Na,8,1967-09-19,1/2 Mg,5.500,1967-09-19,1968-03-04,1968-09-06,Maris Bead,*,3.340,1.630,*
1968,19,2,19\2,II,C,spring beans,winter wheat,nil,0,*,C,96,1967-09-19,nil,0,*,0,nil,0.000,*,nil,0,*,nil,0,*,nil,0.000,*,1968-03-04,1968-09-06,Maris Bead,*,2.510,1.820,*
1969,1,7,1\7,IV,FYM N2 PK,spring beans,potatoes,FYM,35,1968-10-04,nil,0,*,N2,96,1969-04-09,96,P,35.000,1968-09-25,K,90,1968-09-25,nil,0,*,nil,0.000,*,1969-03-24,1969-09-10,Maris Bead,*,2.610,2.190,*
1969,21,7,21\7,IV,FYM N2,spring beans,potatoes,FYM,35,1968-10-04,nil,0,*,N2,96,1969-04-09,96,nil,0.000,*,nil,0,*,nil,0,*,nil,0.000,*,1969-03-24,1969-09-10,Maris Bead,*,1.480,2.670,10
1969,22,7,22\7,IV,FYM,spring beans,potatoes,FYM,35,1968-10-04,nil,0,*,nil,0,*,0,nil,0.000,*,nil,0,*,nil,0,*,nil,0.000,*,1969-03-24,1969-09-10,Maris Bead,*,2.160,2.780,11
1969,3,7,3\7,IV,Nil,spring beans,potatoes,nil,0,*,nil,0,*,nil,0,*,0,nil,0.000,*,nil,0,*,nil,0,*,nil,0.000,*,1969-03-24,1969-09-10,Maris Bead,*,1.050,0.760,*
1969,5,7,5\7,IV,PKNaMg,spring beans,potatoes,nil,0,*,nil,0,*,nil,0,*,0,P,35.000,1968-09-25,K,90,1968-09-25,Na,16,1968-09-25,Mg,11.000,1968-09-25,1969-03-24,1969-09-10,Maris Bead,*,2.240,2.220,*
1969,6,7,6\7,IV,N1PKNaMg,spring beans,potatoes,nil,0,*,nil,0,*,N1,48,1969-04-09,48,P,35.000,1968-09-25,K,90,1968-09-25,Na,16,1968-09-25,Mg,11.000,1968-09-25,1969-03-24,1969-09-10,Maris Bead,*,2.870,3.070,*
1969,7,7,7\7,IV,N2PKNaMg,spring beans,potatoes,nil,0,*,nil,0,*,N2,96,1969-04-09,96,P,35.000,1968-09-25,K,90,1968-09-25,Na,16,1968-09-25,Mg,11.000,1968-09-25,1969-03-24,1969-09-10,Maris Bead,*,3.260,3.650,*
1969,8,7,8\7,IV,N3PKNaMg,spring beans,potatoes,nil,0,*,nil,0,*,N3,144,1969-04-09,144,P,35.000,1968-09-25,K,90,1968-09-25,Na,16,1968-09-25,Mg,11.000,1968-09-25,1969-03-24,1969-09-10,Maris Bead,*,3.220,3.500,*
1969,9,7,9\7,IV,N4PKNaMg,spring beans,potatoes,nil,0,*,nil,0,*,N4,192,1969-04-09,192,P,35.000,1968-09-25,K,90,1968-09-25,Na,16,1968-09-25,Mg,11.000,1968-09-25,1969-03-24,1969-09-10,Maris Bead,*,3.620,3.040,*
1969,10,7,10\7,IV,N2,spring beans,potatoes,nil,0,*,nil,0,*,N2,96,1969-04-09,96,nil,0.000,*,nil,0,*,nil,0,*,nil,0.000,*,1969-03-24,1969-09-10,Maris Bead,*,2.010,1.100,*
1969,11,7,11\7,IV,N2P,spring beans,potatoes,nil,0,*,nil,0,*,N2,96,1969-04-09,96,P,35.000,1968-09-25,nil,0,*,nil,0,*,nil,0.000,*,1969-03-24,1969-09-10,Maris Bead,*,1.410,0.750,*
1969,12,7,12\7,IV,N2PNa*,spring beans,potatoes,nil,0,*,nil,0,*,N2,96,1969-04-09,96,P,35.000,1968-09-25,nil,0,*,Na*,57,1968-09-25,nil,0.000,*,1969-03-24,1969-09-10,Maris Bead,*,1.050,0.840,*
1969,13,7,13\7,IV,N2PK,spring beans,potatoes,nil,0,*,nil,0,*,N2,96,1969-04-09,96,P,35.000,1968-09-25,K,90,1968-09-25,nil,0,*,nil,0.000,*,1969-03-24,1969-09-10,Maris Bead,*,3.420,3.100,*
1969,14,7,14\7,IV,N2PKMg*,spring beans,potatoes,nil,0,*,nil,0,*,N2,96,1969-04-09,96,P,35.000,1968-09-25,K,90,1968-09-25,nil,0,*,Mg*,31.000,1968-09-25,1969-03-24,1969-09-10,Maris Bead,*,2.680,2.810,*
1969,15,7,15\7,IV,N3PKNaMg,spring beans,potatoes,nil,0,*,nil,0,*,N3,144,1969-04-09,144,P,35.000,1968-09-25,K,90,1968-09-25,Na,16,1968-09-25,Mg,11.000,1968-09-25,1969-03-24,1969-09-10,Maris Bead,*,3.050,3.530,*
1969,16,7,16\7,IV,N2PKNaMg,spring beans,potatoes,nil,0,*,nil,0,*,N2,96,1969-04-09,96,P,35.000,1968-09-25,K,90,1968-09-25,Na,16,1968-09-25,Mg,11.000,1968-09-25,1969-03-24,1969-09-10,Maris Bead,*,3.400,4.010,*
1969,17,7,17\7,IV,N2 1/2[PKNaMg],spring beans,potatoes,nil,0,*,nil,0,*,N2,96,1969-04-09,96,1/2 P,17.500,1968-09-25,1/2 K,45,1968-09-25,1/2 Na,8,1968-09-25,1/2 Mg,5.500,1968-09-25,1969-03-24,1969-09-10,Maris Bead,*,3.440,3.570,*
1969,18,7,18\7,IV,N2 1/2[PKNaMg],spring beans,potatoes,nil,0,*,nil,0,*,N2,96,1969-04-09,96,1/2 P,17.500,1968-09-25,1/2 K,45,1968-09-25,1/2 Na,8,1968-09-25,1/2 Mg,5.500,1968-09-25,1969-03-24,1969-09-10,Maris Bead,*,3.520,3.480,*
1969,19,7,19\7,IV,C,spring beans,potatoes,nil,0,*,C,96,1968-09-25,nil,0,*,0,nil,0.000,*,nil,0,*,nil,0,*,nil,0.000,*,1969-03-24,1969-09-10,Maris Bead,*,2.690,2.530,*
1970,1,4,1\4,III,FYM N2 PK,spring beans,potatoes,FYM,35,1969-10-01,nil,0,*,N2,96,1970-04-17,96,P,35.000,1969-09-29,K,90,1969-09-29,nil,0,*,nil,0.000,*,1970-03-21,1970-09-02,Maris Bead,*,1.140,1.570,*
1970,21,4,21\4,III,FYM N2,spring beans,potatoes,FYM,35,1969-10-01,nil,0,*,N2,96,1970-04-17,96,nil,0.000,*,nil,0,*,nil,0,*,nil,0.000,*,1970-03-21,1970-09-02,Maris Bead,*,0.990,2.550,10
1970,22,4,22\4,III,FYM,spring beans,potatoes,FYM,35,1969-10-01,nil,0,*,nil,0,*,0,nil,0.000,*,nil,0,*,nil,0,*,nil,0.000,*,1970-03-21,1970-09-02,Maris Bead,*,1.360,2.160,11
1970,3,4,3\4,III,Nil,spring beans,potatoes,nil,0,*,nil,0,*,nil,0,*,0,nil,0.000,*,nil,0,*,nil,0,*,nil,0.000,*,1970-03-21,1970-09-02,Maris Bead,*,0.330,0.480,*
1970,5,4,5\4,III,PKNaMg,spring beans,potatoes,nil,0,*,nil,0,*,nil,0,*,0,P,35.000,1969-09-29,K,90,1969-09-29,Na,16,1969-09-29,Mg,11.000,1969-09-29,1970-03-21,1970-09-02,Maris Bead,*,0.390,0.830,*
1970,6,4,6\4,III,N1PKNaMg,spring beans,potatoes,nil,0,*,nil,0,*,N1,48,1970-04-17,48,P,35.000,1969-09-29,K,90,1969-09-29,Na,16,1969-09-29,Mg,11.000,1969-09-29,1970-03-21,1970-09-02,Maris Bead,*,0.650,0.950,*
1970,7,4,7\4,III,N2PKNaMg,spring beans,potatoes,nil,0,*,nil,0,*,N2,96,1970-04-17,96,P,35.000,1969-09-29,K,90,1969-09-29,Na,16,1969-09-29,Mg,11.000,1969-09-29,1970-03-21,1970-09-02,Maris Bead,*,0.920,1.220,*
1970,8,4,8\4,III,N3PKNaMg,spring beans,potatoes,nil,0,*,nil,0,*,N3,144,1970-04-17,144,P,35.000,1969-09-29,K,90,1969-09-29,Na,16,1969-09-29,Mg,11.000,1969-09-29,1970-03-21,1970-09-02,Maris Bead,*,1.110,1.770,*
1970,9,4,9\4,III,N4PKNaMg,spring beans,potatoes,nil,0,*,nil,0,*,N4,192,1970-04-17,192,P,35.000,1969-09-29,K,90,1969-09-29,Na,16,1969-09-29,Mg,11.000,1969-09-29,1970-03-21,1970-09-02,Maris Bead,*,1.110,2.070,*
1970,10,4,10\4,III,N2,spring beans,potatoes,nil,0,*,nil,0,*,N2,96,1970-04-17,96,nil,0.000,*,nil,0,*,nil,0,*,nil,0.000,*,1970-03-21,1970-09-02,Maris Bead,*,0.590,0.240,*
1970,11,4,11\4,III,N2P,spring beans,potatoes,nil,0,*,nil,0,*,N2,96,1970-04-17,96,P,35.000,1969-09-29,nil,0,*,nil,0,*,nil,0.000,*,1970-03-21,1970-09-02,Maris Bead,*,0.610,0.810,*
1970,12,4,12\4,III,N2PNa*,spring beans,potatoes,nil,0,*,nil,0,*,N2,96,1970-04-17,96,P,35.000,1969-09-29,nil,0,*,Na*,57,1969-09-29,nil,0.000,*,1970-03-21,1970-09-02,Maris Bead,*,1.100,1.450,*
1970,13,4,13\4,III,N2PK,spring beans,potatoes,nil,0,*,nil,0,*,N2,96,1970-04-17,96,P,35.000,1969-09-29,K,90,1969-09-29,nil,0,*,nil,0.000,*,1970-03-21,1970-09-02,Maris Bead,*,1.260,1.370,*
1970,14,4,14\4,III,N2PKMg*,spring beans,potatoes,nil,0,*,nil,0,*,N2,96,1970-04-17,96,P,35.000,1969-09-29,K,90,1969-09-29,nil,0,*,Mg*,31.000,1969-09-29,1970-03-21,1970-09-02,Maris Bead,*,1.050,1.160,*
1970,15,4,15\4,III,N3PKNaMg,spring beans,potatoes,nil,0,*,nil,0,*,N3,144,1970-04-17,144,P,35.000,1969-09-29,K,90,1969-09-29,Na,16,1969-09-29,Mg,11.000,1969-09-29,1970-03-21,1970-09-02,Maris Bead,*,1.190,1.570,*
1970,16,4,16\4,III,N2PKNaMg,spring beans,potatoes,nil,0,*,nil,0,*,N2,96,1970-04-17,96,P,35.000,1969-09-29,K,90,1969-09-29,Na,16,1969-09-29,Mg,11.000,1969-09-29,1970-03-21,1970-09-02,Maris Bead,*,1.370,1.820,*
1970,17,4,17\4,III,N2 1/2[PKNaMg],spring beans,potatoes,nil,0,*,nil,0,*,N2,96,1970-04-17,96,1/2 P,17.500,1969-09-29,1/2 K,45,1969-09-29,1/2 Na,8,1969-09-29,1/2 Mg,5.500,1969-09-29,1970-03-21,1970-09-02,Maris Bead,*,1.320,1.340,*
1970,18,4,18\4,III,N2 1/2[PKNaMg],spring beans,potatoes,nil,0,*,nil,0,*,N2,96,1970-04-17,96,1/2 P,17.500,1969-09-29,1/2 K,45,1969-09-29,1/2 Na,8,1969-09-29,1/2 Mg,5.500,1969-09-29,1970-03-21,1970-09-02,Maris Bead,*,1.410,1.590,*
1970,19,4,19\4,III,C,spring beans,potatoes,nil,0,*,C,96,1969-09-29,nil,0,*,0,nil,0.000,*,nil,0,*,nil,0,*,nil,0.000,*,1970-03-21,1970-09-02,Maris Bead,*,0.960,1.070,*
1971,1,2,1\2,II,FYM N2 PK,spring beans,potatoes,FYM,35,1970-09-22,nil,0,*,N2,96,1971-02-24,96,P,35.000,1970-09-18,K,90,1970-09-18,nil,0,*,nil,0.000,*,1971-02-25,1971-09-02,Maris Bead,*,1.940,2.200,*
1971,21,2,21\2,II,FYM N2,spring beans,potatoes,FYM,35,1970-09-22,nil,0,*,N2,96,1971-02-24,96,nil,0.000,*,nil,0,*,nil,0,*,nil,0.000,*,1971-02-25,1971-09-02,Maris Bead,*,2.600,4.150,10
1971,22,2,22\2,II,FYM,spring beans,potatoes,FYM,35,1970-09-22,nil,0,*,nil,0,*,0,nil,0.000,*,nil,0,*,nil,0,*,nil,0.000,*,1971-02-25,1971-09-02,Maris Bead,*,2.580,3.540,11
1971,3,2,3\2,II,Nil,spring beans,potatoes,nil,0,*,nil,0,*,nil,0,*,0,nil,0.000,*,nil,0,*,nil,0,*,nil,0.000,*,1971-02-25,1971-09-02,Maris Bead,*,2.020,1.410,*
1971,5,2,5\2,II,PKNaMg,spring beans,potatoes,nil,0,*,nil,0,*,nil,0,*,0,P,35.000,1970-09-18,K,90,1970-09-18,Na,16,1970-09-18,Mg,11.000,1970-09-18,1971-02-25,1971-09-02,Maris Bead,*,2.690,2.110,*
1971,6,2,6\2,II,N1PKNaMg,spring beans,potatoes,nil,0,*,nil,0,*,N1,48,1971-02-24,48,P,35.000,1970-09-18,K,90,1970-09-18,Na,16,1970-09-18,Mg,11.000,1970-09-18,1971-02-25,1971-09-02,Maris Bead,*,2.530,3.040,*
1971,7,2,7\2,II,N2PKNaMg,spring beans,potatoes,nil,0,*,nil,0,*,N2,96,1971-02-24,96,P,35.000,1970-09-18,K,90,1970-09-18,Na,16,1970-09-18,Mg,11.000,1970-09-18,1971-02-25,1971-09-02,Maris Bead,*,2.560,3.370,*
1971,8,2,8\2,II,N3PKNaMg,spring beans,potatoes,nil,0,*,nil,0,*,N3,144,1971-02-24,144,P,35.000,1970-09-18,K,90,1970-09-18,Na,16,1970-09-18,Mg,11.000,1970-09-18,1971-02-25,1971-09-02,Maris Bead,*,2.410,3.010,*
1971,9,2,9\2,II,N4PKNaMg,spring beans,potatoes,nil,0,*,nil,0,*,N4,192,1971-02-24,192,P,35.000,1970-09-18,K,90,1970-09-18,Na,16,1970-09-18,Mg,11.000,1970-09-18,1971-02-25,1971-09-02,Maris Bead,*,2.520,3.070,*
1971,10,2,10\2,II,N2,spring beans,potatoes,nil,0,*,nil,0,*,N2,96,1971-02-24,96,nil,0.000,*,nil,0,*,nil,0,*,nil,0.000,*,1971-02-25,1971-09-02,Maris Bead,*,1.530,0.680,*
1971,11,2,11\2,II,N2P,spring beans,potatoes,nil,0,*,nil,0,*,N2,96,1971-02-24,96,P,35.000,1970-09-18,nil,0,*,nil,0,*,nil,0.000,*,1971-02-25,1971-09-02,Maris Bead,*,0.490,1.840,*
1971,12,2,12\2,II,N2PNa*,spring beans,potatoes,nil,0,*,nil,0,*,N2,96,1971-02-24,96,P,35.000,1970-09-18,nil,0,*,Na*,57,1970-09-18,nil,0.000,*,1971-02-25,1971-09-02,Maris Bead,*,1.060,1.750,*
1971,13,2,13\2,II,N2PK,spring beans,potatoes,nil,0,*,nil,0,*,N2,96,1971-02-24,96,P,35.000,1970-09-18,K,90,1970-09-18,nil,0,*,nil,0.000,*,1971-02-25,1971-09-02,Maris Bead,*,2.190,2.780,*
1971,14,2,14\2,II,N2PKMg*,spring beans,potatoes,nil,0,*,nil,0,*,N2,96,1971-02-24,96,P,35.000,1970-09-18,K,90,1970-09-18,nil,0,*,Mg*,31.000,1970-09-18,1971-02-25,1971-09-02,Maris Bead,*,2.070,2.220,*
1971,15,2,15\2,II,N3PKNaMg,spring beans,potatoes,nil,0,*,nil,0,*,N3,144,1971-02-24,144,P,35.000,1970-09-18,K,90,1970-09-18,Na,16,1970-09-18,Mg,11.000,1970-09-18,1971-02-25,1971-09-02,Maris Bead,*,2.140,2.520,*
1971,16,2,16\2,II,N2PKNaMg,spring beans,potatoes,nil,0,*,nil,0,*,N2,96,1971-02-24,96,P,35.000,1970-09-18,K,90,1970-09-18,Na,16,1970-09-18,Mg,11.000,1970-09-18,1971-02-25,1971-09-02,Maris Bead,*,2.320,2.870,*
1971,17,2,17\2,II,N2 1/2[PKNaMg],spring beans,potatoes,nil,0,*,nil,0,*,N2,96,1971-02-24,96,1/2 P,17.500,1970-09-18,1/2 K,45,1970-09-18,1/2 Na,8,1970-09-18,1/2 Mg,5.500,1970-09-18,1971-02-25,1971-09-02,Maris Bead,*,2.460,2.290,*
1971,18,2,18\2,II,N2 1/2[PKNaMg],spring beans,potatoes,nil,0,*,nil,0,*,N2,96,1971-02-24,96,1/2 P,17.500,1970-09-18,1/2 K,45,1970-09-18,1/2 Na,8,1970-09-18,1/2 Mg,5.500,1970-09-18,1971-02-25,1971-09-02,Maris Bead,*,2.630,2.630,*
1971,19,2,19\2,II,C,spring beans,potatoes,nil,0,*,C,96,1970-09-18,nil,0,*,0,nil,0.000,*,nil,0,*,nil,0,*,nil,0.000,*,1971-02-25,1971-09-02,Maris Bead,*,2.050,2.180,*
1972,1,7,1\7,IV,FYM N2 PK,spring beans,potatoes,FYM,35,1971-09-29,nil,0,*,N2,96,1972-03-16,96,P,35.000,1971-09-21,K,90,1971-09-21,nil,0,*,nil,0.000,*,1972-03-16,1972-09-27,Maris Bead,*,3.390,3.260,*
1972,21,7,21\7,IV,FYM N2,spring beans,potatoes,FYM,35,1971-09-29,nil,0,*,N2,96,1972-03-16,96,nil,0.000,*,nil,0,*,nil,0,*,nil,0.000,*,1972-03-16,1972-09-27,Maris Bead,*,3.950,3.940,10
1972,22,7,22\7,IV,FYM,spring beans,potatoes,FYM,35,1971-09-29,nil,0,*,nil,0,*,0,nil,0.000,*,nil,0,*,nil,0,*,nil,0.000,*,1972-03-16,1972-09-27,Maris Bead,*,3.630,3.390,11
1972,3,7,3\7,IV,Nil,spring beans,potatoes,nil,0,*,nil,0,*,nil,0,*,0,nil,0.000,*,nil,0,*,nil,0,*,nil,0.000,*,1972-03-16,1972-09-27,Maris Bead,*,2.480,1.090,*
1972,5,7,5\7,IV,PKNaMg,spring beans,potatoes,nil,0,*,nil,0,*,nil,0,*,0,P,35.000,1971-09-21,K,90,1971-09-21,Na,16,1971-09-21,Mg,11.000,1971-09-21,1972-03-16,1972-09-27,Maris Bead,*,3.580,2.370,*
1972,6,7,6\7,IV,N1PKNaMg,spring beans,potatoes,nil,0,*,nil,0,*,N1,48,1972-03-16,48,P,35.000,1971-09-21,K,90,1971-09-21,Na,16,1971-09-21,Mg,11.000,1971-09-21,1972-03-16,1972-09-27,Maris Bead,*,3.190,3.060,*
1972,7,7,7\7,IV,N2PKNaMg,spring beans,potatoes,nil,0,*,nil,0,*,N2,96,1972-03-16,96,P,35.000,1971-09-21,K,90,1971-09-21,Na,16,1971-09-21,Mg,11.000,1971-09-21,1972-03-16,1972-09-27,Maris Bead,*,3.510,3.010,*
1972,8,7,8\7,IV,N3PKNaMg,spring beans,potatoes,nil,0,*,nil,0,*,N3,144,1972-03-16,144,P,35.000,1971-09-21,K,90,1971-09-21,Na,16,1971-09-21,Mg,11.000,1971-09-21,1972-03-16,1972-09-27,Maris Bead,*,4.070,3.230,*
1972,9,7,9\7,IV,N4PKNaMg,spring beans,potatoes,nil,0,*,nil,0,*,N4,192,1972-03-16,192,P,35.000,1971-09-21,K,90,1971-09-21,Na,16,1971-09-21,Mg,11.000,1971-09-21,1972-03-16,1972-09-27,Maris Bead,*,4.180,3.420,*
1972,10,7,10\7,IV,N2,spring beans,potatoes,nil,0,*,nil,0,*,N2,96,1972-03-16,96,nil,0.000,*,nil,0,*,nil,0,*,nil,0.000,*,1972-03-16,1972-09-27,Maris Bead,*,2.830,1.160,*
1972,11,7,11\7,IV,N2P,spring beans,potatoes,nil,0,*,nil,0,*,N2,96,1972-03-16,96,P,35.000,1971-09-21,nil,0,*,nil,0,*,nil,0.000,*,1972-03-16,1972-09-27,Maris Bead,*,1.240,0.980,*
1972,12,7,12\7,IV,N2PNa*,spring beans,potatoes,nil,0,*,nil,0,*,N2,96,1972-03-16,96,P,35.000,1971-09-21,nil,0,*,Na*,57,1971-09-21,nil,0.000,*,1972-03-16,1972-09-27,Maris Bead,*,1.370,1.820,*
1972,13,7,13\7,IV,N2PK,spring beans,potatoes,nil,0,*,nil,0,*,N2,96,1972-03-16,96,P,35.000,1971-09-21,K,90,1971-09-21,nil,0,*,nil,0.000,*,1972-03-16,1972-09-27,Maris Bead,*,3.480,3.630,*
1972,14,7,14\7,IV,N2PKMg*,spring beans,potatoes,nil,0,*,nil,0,*,N2,96,1972-03-16,96,P,35.000,1971-09-21,K,90,1971-09-21,nil,0,*,Mg*,31.000,1971-09-21,1972-03-16,1972-09-27,Maris Bead,*,3.990,3.110,*
1972,15,7,15\7,IV,N3PKNaMg,spring beans,potatoes,nil,0,*,nil,0,*,N3,144,1972-03-16,144,P,35.000,1971-09-21,K,90,1971-09-21,Na,16,1971-09-21,Mg,11.000,1971-09-21,1972-03-16,1972-09-27,Maris Bead,*,3.500,3.510,*
1972,16,7,16\7,IV,N2PKNaMg,spring beans,potatoes,nil,0,*,nil,0,*,N2,96,1972-03-16,96,P,35.000,1971-09-21,K,90,1971-09-21,Na,16,1971-09-21,Mg,11.000,1971-09-21,1972-03-16,1972-09-27,Maris Bead,*,4.170,3.830,*
1972,17,7,17\7,IV,N2 1/2[PKNaMg],spring beans,potatoes,nil,0,*,nil,0,*,N2,96,1972-03-16,96,1/2 P,17.500,1971-09-21,1/2 K,45,1971-09-21,1/2 Na,8,1971-09-21,1/2 Mg,5.500,1971-09-21,1972-03-16,1972-09-27,Maris Bead,*,4.120,3.920,*
1972,18,7,18\7,IV,N2 1/2[PKNaMg],spring beans,potatoes,nil,0,*,nil,0,*,N2,96,1972-03-16,96,1/2 P,17.500,1971-09-21,1/2 K,45,1971-09-21,1/2 Na,8,1971-09-21,1/2 Mg,5.500,1971-09-21,1972-03-16,1972-09-27,Maris Bead,*,4.390,4.070,*
1972,19,7,19\7,IV,C,spring beans,potatoes,nil,0,*,C,96,1971-09-21,nil,0,*,0,nil,0.000,*,nil,0,*,nil,0,*,nil,0.000,*,1972-03-16,1972-09-27,Maris Bead,*,2.900,2.570,*
1973,1,4,1\4,III,FYM N2 PK,spring beans,potatoes,FYM,35,1972-10-11,nil,0,*,N2,96,1973-03-08,96,P,35.000,1972-10-03,K,90,1972-10-03,nil,0,*,nil,0.000,*,1973-03-09,1973-09-03,Maris Bead,*,4.260,2.630,*
1973,21,4,21\4,III,FYM N2,spring beans,potatoes,FYM,35,1972-10-11,nil,0,*,N2,96,1973-03-08,96,nil,0.000,*,nil,0,*,nil,0,*,nil,0.000,*,1973-03-09,1973-09-03,Maris Bead,*,4.000,2.900,10
1973,22,4,22\4,III,FYM,spring beans,potatoes,FYM,35,1972-10-11,nil,0,*,nil,0,*,0,nil,0.000,*,nil,0,*,nil,0,*,nil,0.000,*,1973-03-09,1973-09-03,Maris Bead,*,4.200,2.610,11
1973,3,4,3\4,III,Nil,spring beans,potatoes,nil,0,*,nil,0,*,nil,0,*,0,nil,0.000,*,nil,0,*,nil,0,*,nil,0.000,*,1973-03-09,1973-09-03,Maris Bead,*,2.560,0.830,*
1973,5,4,5\4,III,PKNaMg,spring beans,potatoes,nil,0,*,nil,0,*,nil,0,*,0,P,35.000,1972-10-03,K,90,1972-10-03,Na,16,1972-10-03,Mg,11.000,1972-10-03,1973-03-09,1973-09-03,Maris Bead,*,3.800,1.910,*
1973,6,4,6\4,III,N1PKNaMg,spring beans,potatoes,nil,0,*,nil,0,*,N1,48,1973-03-08,48,P,35.000,1972-10-03,K,90,1972-10-03,Na,16,1972-10-03,Mg,11.000,1972-10-03,1973-03-09,1973-09-03,Maris Bead,*,3.930,2.430,*
1973,7,4,7\4,III,N2PKNaMg,spring beans,potatoes,nil,0,*,nil,0,*,N2,96,1973-03-08,96,P,35.000,1972-10-03,K,90,1972-10-03,Na,16,1972-10-03,Mg,11.000,1972-10-03,1973-03-09,1973-09-03,Maris Bead,*,3.700,2.940,*
1973,8,4,8\4,III,N3PKNaMg,spring beans,potatoes,nil,0,*,nil,0,*,N3,144,1973-03-08,144,P,35.000,1972-10-03,K,90,1972-10-03,Na,16,1972-10-03,Mg,11.000,1972-10-03,1973-03-09,1973-09-03,Maris Bead,*,4.390,3.560,*
1973,9,4,9\4,III,N4PKNaMg,spring beans,potatoes,nil,0,*,nil,0,*,N4,192,1973-03-08,192,P,35.000,1972-10-03,K,90,1972-10-03,Na,16,1972-10-03,Mg,11.000,1972-10-03,1973-03-09,1973-09-03,Maris Bead,*,4.070,3.280,*
1973,10,4,10\4,III,N2,spring beans,potatoes,nil,0,*,nil,0,*,N2,96,1973-03-08,96,nil,0.000,*,nil,0,*,nil,0,*,nil,0.000,*,1973-03-09,1973-09-03,Maris Bead,*,2.390,0.680,*
1973,11,4,11\4,III,N2P,spring beans,potatoes,nil,0,*,nil,0,*,N2,96,1973-03-08,96,P,35.000,1972-10-03,nil,0,*,nil,0,*,nil,0.000,*,1973-03-09,1973-09-03,Maris Bead,*,1.400,1.790,*
1973,12,4,12\4,III,N2PNa*,spring beans,potatoes,nil,0,*,nil,0,*,N2,96,1973-03-08,96,P,35.000,1972-10-03,nil,0,*,Na*,57,1972-10-03,nil,0.000,*,1973-03-09,1973-09-03,Maris Bead,*,1.580,0.880,*
1973,13,4,13\4,III,N2PK,spring beans,potatoes,nil,0,*,nil,0,*,N2,96,1973-03-08,96,P,35.000,1972-10-03,K,90,1972-10-03,nil,0,*,nil,0.000,*,1973-03-09,1973-09-03,Maris Bead,*,3.730,2.610,*
1973,14,4,14\4,III,N2PKMg*,spring beans,potatoes,nil,0,*,nil,0,*,N2,96,1973-03-08,96,P,35.000,1972-10-03,K,90,1972-10-03,nil,0,*,Mg*,31.000,1972-10-03,1973-03-09,1973-09-03,Maris Bead,*,2.490,2.440,*
1973,15,4,15\4,III,N3PKNaMg,spring beans,potatoes,nil,0,*,nil,0,*,N3,144,1973-03-08,144,P,35.000,1972-10-03,K,90,1972-10-03,Na,16,1972-10-03,Mg,11.000,1972-10-03,1973-03-09,1973-09-03,Maris Bead,*,4.450,2.920,*
1973,16,4,16\4,III,N2PKNaMg,spring beans,potatoes,nil,0,*,nil,0,*,N2,96,1973-03-08,96,P,35.000,1972-10-03,K,90,1972-10-03,Na,16,1972-10-03,Mg,11.000,1972-10-03,1973-03-09,1973-09-03,Maris Bead,*,3.960,2.420,*
1973,17,4,17\4,III,N2 1/2[PKNaMg],spring beans,potatoes,nil,0,*,nil,0,*,N2,96,1973-03-08,96,1/2 P,17.500,1972-10-03,1/2 K,45,1972-10-03,1/2 Na,8,1972-10-03,1/2 Mg,5.500,1972-10-03,1973-03-09,1973-09-03,Maris Bead,*,4.090,2.440,*
1973,18,4,18\4,III,N2 1/2[PKNaMg],spring beans,potatoes,nil,0,*,nil,0,*,N2,96,1973-03-08,96,1/2 P,17.500,1972-10-03,1/2 K,45,1972-10-03,1/2 Na,8,1972-10-03,1/2 Mg,5.500,1972-10-03,1973-03-09,1973-09-03,Maris Bead,*,3.770,2.140,*
1973,19,4,19\4,III,C,spring beans,potatoes,nil,0,*,C,96,1972-10-03,nil,0,*,0,nil,0.000,*,nil,0,*,nil,0,*,nil,0.000,*,1973-03-09,1973-09-03,Maris Bead,*,2.100,1.920,*
1974,1,2,1\2,II,FYM N2 PK,spring beans,potatoes,FYM,35,1973-10-09,nil,0,*,N2,96,1974-03-08,96,P,35.000,1973-10-04,K,90,1973-10-04,nil,0,*,nil,0.000,*,1974-03-27,1974-03-08,Maris Bead,401.000,3.090,1.790,*
1974,21,2,21\2,II,FYM N2,spring beans,potatoes,FYM,35,1973-10-09,nil,0,*,N2,96,1974-03-08,96,nil,0.000,*,nil,0,*,nil,0,*,nil,0.000,*,1974-03-27,1974-03-08,Maris Bead,403.000,3.870,2.460,10
1974,22,2,22\2,II,FYM,spring beans,potatoes,FYM,35,1973-10-09,nil,0,*,nil,0,*,0,nil,0.000,*,nil,0,*,nil,0,*,nil,0.000,*,1974-03-27,1974-03-08,Maris Bead,413.000,3.990,2.820,11
1974,3,2,3\2,II,Nil,spring beans,potatoes,nil,0,*,nil,0,*,nil,0,*,0,nil,0.000,*,nil,0,*,nil,0,*,nil,0.000,*,1974-03-27,1974-03-08,Maris Bead,362.500,3.200,0.910,*
1974,5,2,5\2,II,PK(Na)Mg,spring beans,potatoes,nil,0,*,nil,0,*,nil,0,*,0,P,35.000,1973-10-04,K,90,1973-10-04,(Na),0,*,Mg,35.000,1973-10-04,1974-03-27,1974-03-08,Maris Bead,352.000,4.480,2.450,7
1974,6,2,6\2,II,N1PK(Na)Mg,spring beans,potatoes,nil,0,*,nil,0,*,N1,48,1974-03-08,48,P,35.000,1973-10-04,K,90,1973-10-04,(Na),0,*,Mg,35.000,1973-10-04,1974-03-27,1974-03-08,Maris Bead,388.000,4.330,2.510,7
1974,7,2,7\2,II,N2PK(Na)Mg,spring beans,potatoes,nil,0,*,nil,0,*,N2,96,1974-03-08,96,P,35.000,1973-10-04,K,90,1973-10-04,(Na),0,*,Mg,35.000,1973-10-04,1974-03-27,1974-03-08,Maris Bead,374.500,3.970,2.420,7
1974,8,2,8\2,II,N3PK(Na)Mg,spring beans,potatoes,nil,0,*,nil,0,*,N3,144,1974-03-08,144,P,35.000,1973-10-04,K,90,1973-10-04,(Na),0,*,Mg,35.000,1973-10-04,1974-03-27,1974-03-08,Maris Bead,394.500,3.970,2.660,7
1974,9,2,9\2,II,N4PK(Na)Mg,spring beans,potatoes,nil,0,*,nil,0,*,N4,192,1974-03-08,192,P,35.000,1973-10-04,K,90,1973-10-04,(Na),0,*,Mg,35.000,1973-10-04,1974-03-27,1974-03-08,Maris Bead,391.000,3.970,2.720,7
1974,10,2,10\2,II,N2,spring beans,potatoes,nil,0,*,nil,0,*,N2,96,1974-03-08,96,nil,0.000,*,nil,0,*,nil,0,*,nil,0.000,*,1974-03-27,1974-03-08,Maris Bead,346.000,2.220,0.670,*
1974,11,2,11\2,II,N2P,spring beans,potatoes,nil,0,*,nil,0,*,N2,96,1974-03-08,96,P,35.000,1973-10-04,nil,0,*,nil,0,*,nil,0.000,*,1974-03-27,1974-03-08,Maris Bead,325.000,1.180,0.550,*
1974,12,2,12\2,II,N2PNa*,spring beans,potatoes,nil,0,*,nil,0,*,N2,96,1974-03-08,96,P,35.000,1973-10-04,nil,0,*,Na*,55,1973-10-04,nil,0.000,*,1974-03-27,1974-03-08,Maris Bead,326.000,0.380,0.100,1
1974,13,2,13\2,II,N2PK,spring beans,potatoes,nil,0,*,nil,0,*,N2,96,1974-03-08,96,P,35.000,1973-10-04,K,90,1973-10-04,nil,0,*,nil,0.000,*,1974-03-27,1974-03-08,Maris Bead,357.000,3.280,2.560,*
1974,14,2,14\2,II,N2PKMg*,spring beans,potatoes,nil,0,*,nil,0,*,N2,96,1974-03-08,96,P,35.000,1973-10-04,K,90,1973-10-04,nil,0,*,Mg*,30.000,1973-10-04,1974-03-27,1974-03-08,Maris Bead,345.500,3.740,1.600,*
1974,15,2,15\2,II,N3PK(Na)Mg,spring beans,potatoes,nil,0,*,nil,0,*,N3,144,1974-03-08,144,P,35.000,1973-10-04,K,90,1973-10-04,(Na),0,*,Mg,35.000,1973-10-04,1974-03-27,1974-03-08,Maris Bead,368.500,3.590,1.800,7
1974,16,2,16\2,II,N2PK(Na)Mg,spring beans,potatoes,nil,0,*,nil,0,*,N2,96,1974-03-08,96,P,35.000,1973-10-04,K,90,1973-10-04,(Na),0,*,Mg,35.000,1973-10-04,1974-03-27,1974-03-08,Maris Bead,371.000,3.800,2.790,7
1974,17,2,17\2,II,N2 1/2[PK(Na)Mg],spring beans,potatoes,nil,0,*,nil,0,*,N2,96,1974-03-08,96,1/2 P,17.500,1973-10-04,1/2 K,45,1973-10-04,1/2 (Na),0,*,1/2 Mg,17.500,1973-10-04,1974-03-27,1974-03-08,Maris Bead,374.500,3.690,2.180,*
1974,18,2,18\2,II,N2 1/2[PK(Na)Mg],spring beans,potatoes,nil,0,*,nil,0,*,N2,96,1974-03-08,96,1/2 P,17.500,1973-10-04,1/2 K,45,1973-10-04,1/2 (Na),0,*,1/2 Mg,17.500,1973-10-04,1974-03-27,1974-03-08,Maris Bead,370.000,4.140,2.230,*
1974,19,2,19\2,II,C,spring beans,potatoes,nil,0,*,C,96,1973-10-05,nil,0,*,0,nil,0.000,*,nil,0,*,nil,0,*,nil,0.000,*,1974-03-27,1974-03-08,Maris Bead,400.500,2.750,0.930,*
1975,1,7,1\7,IV,FYM N2 PK,spring beans,potatoes,FYM,35,1974-11-04,nil,0,*,N2,96,1975-03-04,96,P,35.000,1974-10-21,K,90,1974-10-24,nil,0,*,nil,0.000,*,1975-03-25,1975-03-04,Minor,229.000,0.910,0.470,*
1975,21,7,21\7,IV,FYM N2,spring beans,potatoes,FYM,35,1974-11-04,nil,0,*,N2,96,1975-03-04,96,nil,0.000,*,nil,0,*,nil,0,*,nil,0.000,*,1975-03-25,1975-03-04,Minor,227.000,1.990,1.010,10
1975,22,7,22\7,IV,FYM,spring beans,potatoes,FYM,35,1974-11-04,nil,0,*,nil,0,*,0,nil,0.000,*,nil,0,*,nil,0,*,nil,0.000,*,1975-03-25,1975-03-04,Minor,245.000,1.510,0.690,11
1975,3,7,3\7,IV,Nil,spring beans,potatoes,nil,0,*,nil,0,*,nil,0,*,0,nil,0.000,*,nil,0,*,nil,0,*,nil,0.000,*,1975-03-25,1975-03-04,Minor,242.500,1.090,0.460,*
1975,5,7,5\7,IV,PK(Na)Mg,spring beans,potatoes,nil,0,*,nil,0,*,nil,0,*,0,P,35.000,1974-10-21,K,90,1974-10-24,(Na),0,*,Mg,0.000,*,1975-03-25,1975-03-04,Minor,237.000,1.310,0.770,7
1975,6,7,6\7,IV,N1PK(Na)Mg,spring beans,potatoes,nil,0,*,nil,0,*,N1,48,1975-03-04,48,P,35.000,1974-10-21,K,90,1974-10-24,(Na),0,*,Mg,0.000,*,1975-03-25,1975-03-04,Minor,213.000,1.470,1.070,7
1975,7,7,7\7,IV,N2PK(Na)Mg,spring beans,potatoes,nil,0,*,nil,0,*,N2,96,1975-03-04,96,P,35.000,1974-10-21,K,90,1974-10-24,(Na),0,*,Mg,0.000,*,1975-03-25,1975-03-04,Minor,224.000,1.450,1.370,7
1975,8,7,8\7,IV,N3PK(Na)Mg,spring beans,potatoes,nil,0,*,nil,0,*,N3,144,1975-03-04,144,P,35.000,1974-10-21,K,90,1974-10-24,(Na),0,*,Mg,0.000,*,1975-03-25,1975-03-04,Minor,216.500,1.600,1.580,7
1975,9,7,9\7,IV,N4PK(Na)Mg,spring beans,potatoes,nil,0,*,nil,0,*,N4,192,1975-03-04,192,P,35.000,1974-10-21,K,90,1974-10-24,(Na),0,*,Mg,0.000,*,1975-03-25,1975-03-04,Minor,243.000,2.190,1.390,7
1975,10,7,10\7,IV,N2,spring beans,potatoes,nil,0,*,nil,0,*,N2,96,1975-03-04,96,nil,0.000,*,nil,0,*,nil,0,*,nil,0.000,*,1975-03-25,1975-03-04,Minor,253.000,0.800,0.390,*
1975,11,7,11\7,IV,N2P,spring beans,potatoes,nil,0,*,nil,0,*,N2,96,1975-03-04,96,P,35.000,1974-10-21,nil,0,*,nil,0,*,nil,0.000,*,1975-03-25,1975-03-04,Minor,233.500,0.590,0.650,*
1975,12,7,12\7,IV,N2PNa*,spring beans,potatoes,nil,0,*,nil,0,*,N2,96,1975-03-04,96,P,35.000,1974-10-21,nil,0,*,Na*,55,1974-10-24,nil,0.000,*,1975-03-25,1975-03-04,Minor,206.500,0.310,0.860,*
1975,13,7,13\7,IV,N2PK,spring beans,potatoes,nil,0,*,nil,0,*,N2,96,1975-03-04,96,P,35.000,1974-10-21,K,90,1974-10-24,nil,0,*,nil,0.000,*,1975-03-25,1975-03-04,Minor,211.500,0.960,1.340,*
1975,14,7,14\7,IV,N2PKMg*,spring beans,potatoes,nil,0,*,nil,0,*,N2,96,1975-03-04,96,P,35.000,1974-10-21,K,90,1974-10-24,nil,0,*,Mg*,30.000,1974-10-24,1975-03-25,1975-03-04,Minor,215.000,1.020,1.110,*
1975,15,7,15\7,IV,N3PK(Na)Mg,spring beans,potatoes,nil,0,*,nil,0,*,N3,144,1975-03-04,144,P,35.000,1974-10-21,K,90,1974-10-24,(Na),0,*,Mg,0.000,*,1975-03-25,1975-03-04,Minor,214.000,1.190,1.060,7
1975,16,7,16\7,IV,N2PK(Na)Mg,spring beans,potatoes,nil,0,*,nil,0,*,N2,96,1975-03-04,96,P,35.000,1974-10-21,K,90,1974-10-24,(Na),0,*,Mg,0.000,*,1975-03-25,1975-03-04,Minor,233.000,1.590,1.230,7
1975,17,7,17\7,IV,N2 1/2[PK(Na)Mg],spring beans,potatoes,nil,0,*,nil,0,*,N2,96,1975-03-04,96,1/2 P,17.500,1974-10-21,1/2 K,45,1974-10-24,1/2 (Na),0,*,1/2 Mg,0.000,*,1975-03-25,1975-03-04,Minor,227.500,1.820,0.850,*
1975,18,7,18\7,IV,N2 1/2[PK(Na)Mg],spring beans,potatoes,nil,0,*,nil,0,*,N2,96,1975-03-04,96,1/2 P,17.500,1974-10-21,1/2 K,45,1974-10-24,1/2 (Na),0,*,1/2 Mg,0.000,*,1975-03-25,1975-03-04,Minor,238.000,1.960,1.330,*
1975,19,7,19\7,IV,C,spring beans,potatoes,nil,0,*,C,96,1974-10-24,nil,0,*,0,nil,0.000,*,nil,0,*,nil,0,*,nil,0.000,*,1975-03-25,1975-03-04,Minor,223.000,1.030,0.830,*
1976,1,4,1\4,III,FYM N2 PK,spring beans,potatoes,FYM,35,1975-10-09,nil,0,*,N2,96,1976-03-27,96,P,35.000,1975-09-30,K,90,1975-09-30,nil,0,*,nil,0.000,*,1976-03-04,1976-07-20,Minden,273.000,0.950,*,*
1976,21,4,21\4,III,FYM N2,spring beans,potatoes,FYM,35,1975-10-09,nil,0,*,N2,96,1976-03-27,96,nil,0.000,*,nil,0,*,nil,0,*,nil,0.000,*,1976-03-04,1976-07-20,Minden,273.500,1.100,*,10
1976,22,4,22\4,III,FYM,spring beans,potatoes,FYM,35,1975-10-09,nil,0,*,nil,0,*,0,nil,0.000,*,nil,0,*,nil,0,*,nil,0.000,*,1976-03-04,1976-07-20,Minden,271.500,1.200,*,11
1976,3,4,3\4,III,Nil,spring beans,potatoes,nil,0,*,nil,0,*,nil,0,*,0,nil,0.000,*,nil,0,*,nil,0,*,nil,0.000,*,1976-03-04,1976-07-20,Minden,294.000,0.350,*,*
1976,5,4,5\4,III,PK(Na)Mg,spring beans,potatoes,nil,0,*,nil,0,*,nil,0,*,0,P,35.000,1975-09-30,K,90,1975-09-30,(Na),0,*,Mg,0.000,*,1976-03-04,1976-07-20,Minden,237.500,0.860,*,7
1976,6,4,6\4,III,N1PK(Na)Mg,spring beans,potatoes,nil,0,*,nil,0,*,N1,48,1976-03-27,48,P,35.000,1975-09-30,K,90,1975-09-30,(Na),0,*,Mg,0.000,*,1976-03-04,1976-07-20,Minden,238.500,0.800,*,7
1976,7,4,7\4,III,N2PK(Na)Mg,spring beans,potatoes,nil,0,*,nil,0,*,N2,96,1976-03-27,96,P,35.000,1975-09-30,K,90,1975-09-30,(Na),0,*,Mg,0.000,*,1976-03-04,1976-07-20,Minden,245.500,0.970,*,7
1976,8,4,8\4,III,N3PK(Na)Mg,spring beans,potatoes,nil,0,*,nil,0,*,N3,144,1976-03-27,144,P,35.000,1975-09-30,K,90,1975-09-30,(Na),0,*,Mg,0.000,*,1976-03-04,1976-07-20,Minden,264.500,0.890,*,7
1976,9,4,9\4,III,N4PK(Na)Mg,spring beans,potatoes,nil,0,*,nil,0,*,N4,192,1976-03-27,192,P,35.000,1975-09-30,K,90,1975-09-30,(Na),0,*,Mg,0.000,*,1976-03-04,1976-07-20,Minden,292.000,1.030,*,7
1976,10,4,10\4,III,N2,spring beans,potatoes,nil,0,*,nil,0,*,N2,96,1976-03-27,96,nil,0.000,*,nil,0,*,nil,0,*,nil,0.000,*,1976-03-04,1976-07-20,Minden,286.500,0.320,*,*
1976,11,4,11\4,III,N2P,spring beans,potatoes,nil,0,*,nil,0,*,N2,96,1976-03-27,96,P,35.000,1975-09-30,nil,0,*,nil,0,*,nil,0.000,*,1976-03-04,1976-07-20,Minden,303.500,0.440,*,*
1976,12,4,12\4,III,N2PNa*,spring beans,potatoes,nil,0,*,nil,0,*,N2,96,1976-03-27,96,P,35.000,1975-09-30,nil,0,*,Na*,55,1975-09-30,nil,0.000,*,1976-03-04,1976-07-20,Minden,288.000,0.210,*,*
1976,13,4,13\4,III,N2PK,spring beans,potatoes,nil,0,*,nil,0,*,N2,96,1976-03-27,96,P,35.000,1975-09-30,K,90,1975-09-30,nil,0,*,nil,0.000,*,1976-03-04,1976-07-20,Minden,279.000,1.200,*,*
1976,14,4,14\4,III,N2PKMg*,spring beans,potatoes,nil,0,*,nil,0,*,N2,96,1976-03-27,96,P,35.000,1975-09-30,K,90,1975-09-30,nil,0,*,Mg*,30.000,1975-09-30,1976-03-04,1976-07-20,Minden,248.500,0.970,*,*
1976,15,4,15\4,III,N3PK(Na)Mg,spring beans,potatoes,nil,0,*,nil,0,*,N3,144,1976-03-27,144,P,35.000,1975-09-30,K,90,1975-09-30,(Na),0,*,Mg,0.000,*,1976-03-04,1976-07-20,Minden,283.500,1.400,*,7
1976,16,4,16\4,III,N2PK(Na)Mg,spring beans,potatoes,nil,0,*,nil,0,*,N2,96,1976-03-27,96,P,35.000,1975-09-30,K,90,1975-09-30,(Na),0,*,Mg,0.000,*,1976-03-04,1976-07-20,Minden,265.500,1.340,*,7
1976,17,4,17\4,III,N2 1/2[PK(Na)Mg],spring beans,potatoes,nil,0,*,nil,0,*,N2,96,1976-03-27,96,1/2 P,17.500,1975-09-30,1/2 K,45,1975-09-30,1/2 (Na),0,*,1/2 Mg,0.000,*,1976-03-04,1976-07-20,Minden,289.500,1.100,*,*
1976,18,4,18\4,III,N2 1/2[PK(Na)Mg],spring beans,potatoes,nil,0,*,nil,0,*,N2,96,1976-03-27,96,1/2 P,17.500,1975-09-30,1/2 K,45,1975-09-30,1/2 (Na),0,*,1/2 Mg,0.000,*,1976-03-04,1976-07-20,Minden,295.500,1.240,*,*
1976,19,4,19\4,III,C,spring beans,potatoes,nil,0,*,C,96,1975-09-30,nil,0,*,0,nil,0.000,*,nil,0,*,nil,0,*,nil,0.000,*,1976-03-04,1976-07-20,Minden,282.500,0.680,*,*
1977,1,2,1\2,II,FYM N2 PK,spring beans,potatoes,FYM,35,1976-10-11,nil,0,*,N2,96,1977-03-07,96,P,35.000,1976-10-05,K,90,1976-10-05,nil,0,*,nil,0.000,*,1977-03-10,1977-09-15,Minden,354.500,3.170,3.730,*
1977,21,2,21\2,II,FYM N2,spring beans,potatoes,FYM,35,1976-10-11,nil,0,*,N2,96,1977-03-07,96,nil,0.000,*,nil,0,*,nil,0,*,nil,0.000,*,1977-03-10,1977-09-15,Minden,366.500,3.040,3.390,10
1977,22,2,22\2,II,FYM,spring beans,potatoes,FYM,35,1976-10-11,nil,0,*,nil,0,*,0,nil,0.000,*,nil,0,*,nil,0,*,nil,0.000,*,1977-03-10,1977-09-15,Minden,374.000,3.340,3.740,11
1977,3,2,3\2,II,Nil,spring beans,potatoes,nil,0,*,nil,0,*,nil,0,*,0,nil,0.000,*,nil,0,*,nil,0,*,nil,0.000,*,1977-03-10,1977-09-15,Minden,380.500,2.380,1.180,*
1977,5,2,5\2,II,PK(Na)Mg,spring beans,potatoes,nil,0,*,nil,0,*,nil,0,*,0,P,35.000,1976-10-05,K,90,1976-10-05,(Na),0,*,Mg,35.000,1976-10-08,1977-03-10,1977-09-15,Minden,358.000,3.870,2.940,7
1977,6,2,6\2,II,N1PK(Na)Mg,spring beans,potatoes,nil,0,*,nil,0,*,N1,48,1977-03-07,48,P,35.000,1976-10-05,K,90,1976-10-05,(Na),0,*,Mg,35.000,1976-10-08,1977-03-10,1977-09-15,Minden,341.500,3.450,3.250,7
1977,7,2,7\2,II,N2PK(Na)Mg,spring beans,potatoes,nil,0,*,nil,0,*,N2,96,1977-03-07,96,P,35.000,1976-10-05,K,90,1976-10-05,(Na),0,*,Mg,35.000,1976-10-08,1977-03-10,1977-09-15,Minden,360.000,3.260,3.440,7
1977,8,2,8\2,II,N3PK(Na)Mg,spring beans,potatoes,nil,0,*,nil,0,*,N3,144,1977-03-07,144,P,35.000,1976-10-05,K,90,1976-10-05,(Na),0,*,Mg,35.000,1976-10-08,1977-03-10,1977-09-15,Minden,352.000,3.520,3.600,7
1977,9,2,9\2,II,N4PK(Na)Mg,spring beans,potatoes,nil,0,*,nil,0,*,N4,192,1977-03-07,192,P,35.000,1976-10-05,K,90,1976-10-05,(Na),0,*,Mg,35.000,1976-10-08,1977-03-10,1977-09-15,Minden,368.000,3.810,3.270,7
1977,10,2,10\2,II,N2,spring beans,potatoes,nil,0,*,nil,0,*,N2,96,1977-03-07,96,nil,0.000,*,nil,0,*,nil,0,*,nil,0.000,*,1977-03-10,1977-09-15,Minden,348.000,1.410,0.360,*
1977,11,2,11\2,II,N2P,spring beans,potatoes,nil,0,*,nil,0,*,N2,96,1977-03-07,96,P,35.000,1976-10-05,nil,0,*,nil,0,*,nil,0.000,*,1977-03-10,1977-09-15,Minden,291.500,0.630,1.660,*
1977,12,2,12\2,II,N2PNa*,spring beans,potatoes,nil,0,*,nil,0,*,N2,96,1977-03-07,96,P,35.000,1976-10-05,nil,0,*,Na*,55,1976-10-08,nil,0.000,*,1977-03-10,1977-09-15,Minden,264.000,0.560,1.260,*
1977,13,2,13\2,II,N2PK,spring beans,potatoes,nil,0,*,nil,0,*,N2,96,1977-03-07,96,P,35.000,1976-10-05,K,90,1976-10-05,nil,0,*,nil,0.000,*,1977-03-10,1977-09-15,Minden,330.500,2.680,3.090,*
1977,14,2,14\2,II,N2PKMg*,spring beans,potatoes,nil,0,*,nil,0,*,N2,96,1977-03-07,96,P,35.000,1976-10-05,K,90,1976-10-05,nil,0,*,Mg*,30.000,1976-10-08,1977-03-10,1977-09-15,Minden,337.500,2.770,1.990,*
1977,15,2,15\2,II,N3PK(Na)Mg,spring beans,potatoes,nil,0,*,nil,0,*,N3,144,1977-03-07,144,P,35.000,1976-10-05,K,90,1976-10-05,(Na),0,*,Mg,35.000,1976-10-08,1977-03-10,1977-09-15,Minden,314.500,2.810,3.240,7
1977,16,2,16\2,II,N2PK(Na)Mg,spring beans,potatoes,nil,0,*,nil,0,*,N2,96,1977-03-07,96,P,35.000,1976-10-05,K,90,1976-10-05,(Na),0,*,Mg,35.000,1976-10-08,1977-03-10,1977-09-15,Minden,337.000,2.950,2.690,7
1977,17,2,17\2,II,N2 1/2[PK(Na)Mg],spring beans,potatoes,nil,0,*,nil,0,*,N2,96,1977-03-07,96,1/2 P,17.500,1976-10-05,1/2 K,45,1976-10-05,1/2 (Na),0,*,1/2 Mg,17.500,1976-10-08,1977-03-10,1977-09-15,Minden,370.500,2.820,2.620,*
1977,18,2,18\2,II,N2 1/2[PK(Na)Mg],spring beans,potatoes,nil,0,*,nil,0,*,N2,96,1977-03-07,96,1/2 P,17.500,1976-10-05,1/2 K,45,1976-10-05,1/2 (Na),0,*,1/2 Mg,17.500,1976-10-08,1977-03-10,1977-09-15,Minden,354.000,2.760,2.520,*
1977,19,2,19\2,II,C,spring beans,potatoes,nil,0,*,C,96,1976-10-08,nil,0,*,0,nil,0.000,*,nil,0,*,nil,0,*,nil,0.000,*,1977-03-10,1977-09-15,Minden,342.000,2.430,1.910,*
1978,1,7,1\7,IV,FYM N2 PK,spring beans,potatoes,FYM,35,1977-10-04,nil,0,*,N2,96,1978-03-10,96,P,35.000,1977-09-22,K,90,1977-09-22,nil,0,*,nil,0.000,*,1978-03-10,1978-09-22,Minden,487.500,2.640,2.330,*
1978,21,7,21\7,IV,FYM N2,spring beans,potatoes,FYM,35,1977-10-04,nil,0,*,N2,96,1978-03-10,96,nil,0.000,*,nil,0,*,nil,0,*,nil,0.000,*,1978-03-10,1978-09-22,Minden,395.500,3.610,2.270,10
1978,22,7,22\7,IV,FYM,spring beans,potatoes,FYM,35,1977-10-04,nil,0,*,nil,0,*,0,nil,0.000,*,nil,0,*,nil,0,*,nil,0.000,*,1978-03-10,1978-09-22,Minden,435.000,5.000,2.630,11
1978,3,7,3\7,IV,Nil,spring beans,potatoes,nil,0,*,nil,0,*,nil,0,*,0,nil,0.000,*,nil,0,*,nil,0,*,nil,0.000,*,1978-03-10,1978-09-22,Minden,422.500,2.260,1.260,*
1978,5,7,5\7,IV,PK(Na)Mg,spring beans,potatoes,nil,0,*,nil,0,*,nil,0,*,0,P,35.000,1977-09-22,K,90,1977-09-22,(Na),0,*,Mg,0.000,*,1978-03-10,1978-09-22,Minden,377.000,3.330,1.770,7
1978,6,7,6\7,IV,N1PK(Na)Mg,spring beans,potatoes,nil,0,*,nil,0,*,N1,48,1978-03-10,48,P,35.000,1977-09-22,K,90,1977-09-22,(Na),0,*,Mg,0.000,*,1978-03-10,1978-09-22,Minden,366.000,3.490,1.990,7
1978,7,7,7\7,IV,N2PK(Na)Mg,spring beans,potatoes,nil,0,*,nil,0,*,N2,96,1978-03-10,96,P,35.000,1977-09-22,K,90,1977-09-22,(Na),0,*,Mg,0.000,*,1978-03-10,1978-09-22,Minden,379.500,3.720,1.920,7
1978,8,7,8\7,IV,N3PK(Na)Mg,spring beans,potatoes,nil,0,*,nil,0,*,N3,144,1978-03-10,144,P,35.000,1977-09-22,K,90,1977-09-22,(Na),0,*,Mg,0.000,*,1978-03-10,1978-09-22,Minden,439.000,4.520,2.140,7
1978,9,7,9\7,IV,N4PK(Na)Mg,spring beans,potatoes,nil,0,*,nil,0,*,N4,192,1978-03-10,192,P,35.000,1977-09-22,K,90,1977-09-22,(Na),0,*,Mg,0.000,*,1978-03-10,1978-09-22,Minden,463.500,3.390,2.000,7
1978,10,7,10\7,IV,N2,spring beans,potatoes,nil,0,*,nil,0,*,N2,96,1978-03-10,96,nil,0.000,*,nil,0,*,nil,0,*,nil,0.000,*,1978-03-10,1978-09-22,Minden,371.000,1.560,0.570,*
1978,11,7,11\7,IV,N2P,spring beans,potatoes,nil,0,*,nil,0,*,N2,96,1978-03-10,96,P,35.000,1977-09-22,nil,0,*,nil,0,*,nil,0.000,*,1978-03-10,1978-09-22,Minden,349.000,0.620,2.010,*
1978,12,7,12\7,IV,N2PNa*,spring beans,potatoes,nil,0,*,nil,0,*,N2,96,1978-03-10,96,P,35.000,1977-09-22,nil,0,*,Na*,55,1977-09-22,nil,0.000,*,1978-03-10,1978-09-22,Minden,322.500,0.620,2.240,*
1978,13,7,13\7,IV,N2PK,spring beans,potatoes,nil,0,*,nil,0,*,N2,96,1978-03-10,96,P,35.000,1977-09-22,K,90,1977-09-22,nil,0,*,nil,0.000,*,1978-03-10,1978-09-22,Minden,413.500,3.950,2.060,*
1978,14,7,14\7,IV,N2PKMg*,spring beans,potatoes,nil,0,*,nil,0,*,N2,96,1978-03-10,96,P,35.000,1977-09-22,K,90,1977-09-22,nil,0,*,Mg*,30.000,1977-09-22,1978-03-10,1978-09-22,Minden,322.500,3.180,2.190,*
1978,15,7,15\7,IV,N3PK(Na)Mg,spring beans,potatoes,nil,0,*,nil,0,*,N3,144,1978-03-10,144,P,35.000,1977-09-22,K,90,1977-09-22,(Na),0,*,Mg,0.000,*,1978-03-10,1978-09-22,Minden,423.500,5.030,2.130,7
1978,16,7,16\7,IV,N2PK(Na)Mg,spring beans,potatoes,nil,0,*,nil,0,*,N2,96,1978-03-10,96,P,35.000,1977-09-22,K,90,1977-09-22,(Na),0,*,Mg,0.000,*,1978-03-10,1978-09-22,Minden,402.500,2.820,2.130,7
1978,17,7,17\7,IV,N2 1/2[PK(Na)Mg],spring beans,potatoes,nil,0,*,nil,0,*,N2,96,1978-03-10,96,1/2 P,17.500,1977-09-22,1/2 K,45,1977-09-22,1/2 (Na),0,*,1/2 Mg,0.000,*,1978-03-10,1978-09-22,Minden,392.500,2.510,1.910,*
1978,18,7,18\7,IV,N2 1/2[PK(Na)Mg],spring beans,potatoes,nil,0,*,nil,0,*,N2,96,1978-03-10,96,1/2 P,17.500,1977-09-22,1/2 K,45,1977-09-22,1/2 (Na),0,*,1/2 Mg,0.000,*,1978-03-10,1978-09-22,Minden,349.500,2.420,1.910,*
1978,19,7,19\7,IV,C,spring beans,potatoes,nil,0,*,C,96,1977-09-22,nil,0,*,0,nil,0.000,*,nil,0,*,nil,0,*,nil,0.000,*,1978-03-10,1978-09-22,Minden,331.000,0.850,2.780,*
2018,1,7,1\7,IV,(FYM) N4 ,winter beans,winter wheat,nil,0,*,nil,0,*,nil,0,*,0,nil,0.000,*,nil,0,*,nil,0,*,nil,0.000,*,2017-10-10,2018-08-14,Tundra,440.500,4.840,3.280,"2,4,5"
2018,21,7,21\7,IV,FYM N3,winter beans,winter wheat,nil,0,*,nil,0,*,nil,0,*,0,nil,0.000,*,nil,0,*,nil,0,*,nil,0.000,*,2017-10-10,2018-08-14,Tundra,483.500,4.140,2.800,"3, 4,5,10"
2018,22,7,22\7,IV,FYM,winter beans,winter wheat,nil,0,*,nil,0,*,nil,0,*,0,nil,0.000,*,nil,0,*,nil,0,*,nil,0.000,*,2017-10-10,2018-08-14,Tundra,542.500,4.180,4.310,"4,5,11"
2018,3,7,3\7,IV,Nil,winter beans,winter wheat,nil,0,*,nil,0,*,nil,0,*,0,nil,0.000,*,nil,0,*,nil,0,*,nil,0.000,*,2017-10-10,2018-08-14,Tundra,488.000,0.730,0.050,"4,5"
2018,5,7,5\7,IV,(P)KMg,winter beans,winter wheat,nil,0,*,nil,0,*,nil,0,*,0,(P),0.000,*,K,90,2018-04-25,nil,0,*,Mg,12.000,2018-04-24,2017-10-10,2018-08-14,Tundra,434.500,4.550,2.330,"4,5"
2018,6,7,6\7,IV,N1(P)KMg,winter beans,winter wheat,nil,0,*,nil,0,*,nil,0,*,0,(P),0.000,*,K,90,2018-04-25,nil,0,*,Mg,12.000,2018-04-24,2017-10-10,2018-08-14,Tundra,389.500,4.420,2.130,"4,5"
2018,7,7,7\7,IV,N2(P)KMg,winter beans,winter wheat,nil,0,*,nil,0,*,nil,0,*,0,(P),0.000,*,K,90,2018-04-25,nil,0,*,Mg,12.000,2018-04-24,2017-10-10,2018-08-14,Tundra,424.500,4.200,2.370,"4,5"
2018,8,7,8\7,IV,N3(P)KMg,winter beans,winter wheat,nil,0,*,nil,0,*,nil,0,*,0,(P),0.000,*,K,90,2018-04-25,nil,0,*,Mg,12.000,2018-04-24,2017-10-10,2018-08-14,Tundra,432.000,4.130,1.960,"4,5"
2018,9,7,9\7,IV,N4(P)KMg,winter beans,winter wheat,nil,0,*,nil,0,*,nil,0,*,0,(P),0.000,*,K,90,2018-04-25,nil,0,*,Mg,12.000,2018-04-24,2017-10-10,2018-08-14,Tundra,447.000,4.140,2.150,"4,5"
2018,10,7,10\7,IV,N4,winter beans,winter wheat,nil,0,*,nil,0,*,nil,0,*,0,nil,0.000,*,nil,0,*,nil,0,*,nil,0.000,*,2017-10-10,2018-08-14,Tundra,490.500,0.940,0.350,"4,5"
2018,11,7,11\7,IV,N4PMg,winter beans,winter wheat,nil,0,*,nil,0,*,nil,0,*,0,P,35.000,2017-09-20,nil,0,*,nil,0,*,Mg,12.000,2018-04-24,2017-10-10,2018-08-14,Tundra,371.500,0.120,1.240,"4,5"
2018,12,7,12\7,IV,N1+3+1(P)KMg,winter beans,winter wheat,nil,0,*,nil,0,*,nil,0,*,0,(P),0.000,*,K,90,2018-04-25,nil,0,*,Mg,12.000,2018-04-24,2017-10-10,2018-08-14,Tundra,440.000,3.900,1.620,"4,5"
2018,13,7,13\7,IV,N4PK,winter beans,winter wheat,nil,0,*,nil,0,*,nil,0,*,0,P,35.000,2017-09-20,K,90,2018-04-25,nil,0,*,nil,0.000,*,2017-10-10,2018-08-14,Tundra,461.000,4.260,1.730,"4,5"
2018,14,7,14\7,IV,N4PK*(Mg*),winter beans,winter wheat,nil,0,*,nil,0,*,nil,0,*,0,P,35.000,2017-09-20,K*,90,2017-09-20,nil,0,*,(Mg*),0.000,*,2017-10-10,2018-08-14,Tundra,421.000,4.790,1.930,"4,5"
2018,15,7,15\7,IV,N5(P)KMg,winter beans,winter wheat,nil,0,*,nil,0,*,nil,0,*,0,(P),0.000,*,K,90,2018-04-25,nil,0,*,Mg,12.000,2018-04-24,2017-10-10,2018-08-14,Tundra,385.000,3.980,1.430,"4,5"
2018,16,7,16\7,IV,N6(P)KMg,winter beans,winter wheat,nil,0,*,nil,0,*,nil,0,*,0,(P),0.000,*,K,90,2018-04-25,nil,0,*,Mg,12.000,2018-04-24,2017-10-10,2018-08-14,Tundra,408.500,4.360,2.100,"4,5"
2018,17,7,17\7,IV,N1+4+1 PKMg,winter beans,winter wheat,nil,0,*,nil,0,*,nil,0,*,0,P,35.000,2017-09-20,K,90,2018-04-25,nil,0,*,Mg,12.000,2018-04-24,2017-10-10,2018-08-14,Tundra,438.000,4.450,2.460,"4,5"
2018,18,7,18\7,IV,N1+2+1 PKMg,winter beans,winter wheat,nil,0,*,nil,0,*,nil,0,*,0,P,35.000,2017-09-20,K,90,2018-04-25,nil,0,*,Mg,12.000,2018-04-24,2017-10-10,2018-08-14,Tundra,458.000,4.760,2.730,"4,5"
2018,19,7,19\7,IV,N1+1+1 KMg,winter beans,winter wheat,nil,0,*,nil,0,*,nil,0,*,0,nil,0.000,*,K,90,2018-04-25,nil,0,*,Mg,12.000,2018-04-24,2017-10-10,2018-08-14,Tundra,468.000,3.400,1.830,"4,5"
2019,1,2,1\2,II,(FYM) N4 ,winter beans,winter wheat,nil,0,*,nil,0,*,nil,0,*,0,nil,0.000,*,nil,0,*,nil,0,*,nil,0.000,*,2018-10-03,2019-08-30,Tundra,375.000,3.120,3.030,*
2019,21,2,21\2,II,FYM N3,winter beans,winter wheat,nil,0,*,nil,0,*,nil,0,*,0,nil,0.000,*,nil,0,*,nil,0,*,nil,0.000,*,2018-10-03,2019-08-30,Tundra,454.000,3.080,5.170,10
2019,22,2,22\2,II,FYM,winter beans,winter wheat,nil,0,*,nil,0,*,nil,0,*,0,nil,0.000,*,nil,0,*,nil,0,*,nil,0.000,*,2018-10-03,2019-08-30,Tundra,370.500,2.990,5.250,11
2019,3,2,3\2,II,Nil,winter beans,winter wheat,nil,0,*,nil,0,*,nil,0,*,0,nil,0.000,*,nil,0,*,nil,0,*,nil,0.000,*,2018-10-03,2019-08-30,Tundra,384.500,0.670,0.070,*
2019,5,2,5\2,II,(P)KMg,winter beans,winter wheat,nil,0,*,nil,0,*,nil,0,*,0,(P),0.000,*,K,90,2019-05-21,nil,0,*,Mg,12.000,2019-05-20,2018-10-03,2019-08-30,Tundra,353.000,2.900,2.020,*
2019,6,2,6\2,II,N1(P)KMg,winter beans,winter wheat,nil,0,*,nil,0,*,nil,0,*,0,(P),0.000,*,K,90,2019-05-21,nil,0,*,Mg,12.000,2019-05-20,2018-10-03,2019-08-30,Tundra,335.500,3.640,2.790,*
2019,7,2,7\2,II,N2(P)KMg,winter beans,winter wheat,nil,0,*,nil,0,*,nil,0,*,0,(P),0.000,*,K,90,2019-05-21,nil,0,*,Mg,12.000,2019-05-20,2018-10-03,2019-08-30,Tundra,369.000,3.720,2.650,*
2019,8,2,8\2,II,N3(P)KMg,winter beans,winter wheat,nil,0,*,nil,0,*,nil,0,*,0,(P),0.000,*,K,90,2019-05-21,nil,0,*,Mg,12.000,2019-05-20,2018-10-03,2019-08-30,Tundra,336.000,3.190,2.840,*
2019,9,2,9\2,II,N4(P)KMg,winter beans,winter wheat,nil,0,*,nil,0,*,nil,0,*,0,(P),0.000,*,K,90,2019-05-21,nil,0,*,Mg,12.000,2019-05-20,2018-10-03,2019-08-30,Tundra,354.000,2.800,2.120,*
2019,10,2,10\2,II,N4,winter beans,winter wheat,nil,0,*,nil,0,*,nil,0,*,0,nil,0.000,*,nil,0,*,nil,0,*,nil,0.000,*,2018-10-03,2019-08-30,Tundra,357.000,0.400,0.060,*
2019,11,2,11\2,II,N4PMg,winter beans,winter wheat,nil,0,*,nil,0,*,nil,0,*,0,P,35.000,2018-09-12,nil,0,*,nil,0,*,Mg,12.000,2019-05-20,2018-10-03,2019-08-30,Tundra,330.000,0.030,0.000,12
2019,12,2,12\2,II,N1+3+1(P)KMg,winter beans,winter wheat,nil,0,*,nil,0,*,nil,0,*,0,(P),0.000,*,K,90,2019-05-21,nil,0,*,Mg,12.000,2019-05-20,2018-10-03,2019-08-30,Tundra,296.000,3.050,2.520,*
2019,13,2,13\2,II,N4PK,winter beans,winter wheat,nil,0,*,nil,0,*,nil,0,*,0,P,35.000,2018-09-12,K,90,2019-05-21,nil,0,*,nil,0.000,*,2018-10-03,2019-08-30,Tundra,351.500,3.330,3.010,*
2019,14,2,14\2,II,N4PK*(Mg*),winter beans,winter wheat,nil,0,*,nil,0,*,nil,0,*,0,P,35.000,2018-09-12,K*,90,2018-09-12,nil,0,*,(Mg*),0.000,*,2018-10-03,2019-08-30,Tundra,384.500,2.680,2.750,*
2019,15,2,15\2,II,N5(P)KMg,winter beans,winter wheat,nil,0,*,nil,0,*,nil,0,*,0,(P),0.000,*,K,90,2019-05-21,nil,0,*,Mg,12.000,2019-05-20,2018-10-03,2019-08-30,Tundra,326.000,3.370,2.740,*
2019,16,2,16\2,II,N6(P)KMg,winter beans,winter wheat,nil,0,*,nil,0,*,nil,0,*,0,(P),0.000,*,K,90,2019-05-21,nil,0,*,Mg,12.000,2019-05-20,2018-10-03,2019-08-30,Tundra,328.500,3.400,2.830,*
2019,17,2,17\2,II,N1+4+1 PKMg,winter beans,winter wheat,nil,0,*,nil,0,*,nil,0,*,0,P,35.000,2018-09-12,K,90,2019-05-21,nil,0,*,Mg,12.000,2019-05-20,2018-10-03,2019-08-30,Tundra,371.000,2.960,3.390,*
2019,18,2,18\2,II,N1+2+1 PKMg,winter beans,winter wheat,nil,0,*,nil,0,*,nil,0,*,0,P,35.000,2018-09-12,K,90,2019-05-21,nil,0,*,Mg,12.000,2019-05-20,2018-10-03,2019-08-30,Tundra,398.500,3.370,2.660,*
2019,19,2,19\2,II,N1+1+1 KMg,winter beans,winter wheat,nil,0,*,nil,0,*,nil,0,*,0,nil,0.000,*,K,90,2019-05-21,nil,0,*,Mg,12.000,2019-05-20,2018-10-03,2019-08-30,Tundra,404.000,2.030,1.730,*
2020,1,4,1\4,III,(FYM) N4 ,winter beans,winter wheat,nil,0,*,nil,0,*,nil,0,*,0,nil,0.000,*,nil,0,*,nil,0,*,nil,0.000,*,2020-03-26,2020-09-06,Tundra,464.000,4.340,1.300,*
2020,21,4,21\4,III,FYM N3,winter beans,winter wheat,nil,0,*,nil,0,*,nil,0,*,0,nil,0.000,*,nil,0,*,nil,0,*,nil,0.000,*,2020-03-26,2020-09-06,Tundra,454.000,5.120,2.010,10
2020,22,4,22\4,III,FYM,winter beans,winter wheat,nil,0,*,nil,0,*,nil,0,*,0,nil,0.000,*,nil,0,*,nil,0,*,nil,0.000,*,2020-03-26,2020-09-06,Tundra,548.500,5.500,2.250,11
2020,3,4,3\4,III,Nil,winter beans,winter wheat,nil,0,*,nil,0,*,nil,0,*,0,nil,0.000,*,nil,0,*,nil,0,*,nil,0.000,*,2020-03-26,2020-09-06,Tundra,447.500,0.830,0.290,*
2020,5,4,5\4,III,(P)KMg,winter beans,winter wheat,nil,0,*,nil,0,*,nil,0,*,0,(P),0.000,*,K,90,2020-07-16,nil,0,*,Mg,12.000,2020-06-25,2020-03-26,2020-09-06,Tundra,450.000,1.630,0.090,*
2020,6,4,6\4,III,N1(P)KMg,winter beans,winter wheat,nil,0,*,nil,0,*,nil,0,*,0,(P),0.000,*,K,90,2020-07-16,nil,0,*,Mg,12.000,2020-06-25,2020-03-26,2020-09-06,Tundra,503.500,3.030,0.760,*
2020,7,4,7\4,III,N2(P)KMg,winter beans,winter wheat,nil,0,*,nil,0,*,nil,0,*,0,(P),0.000,*,K,90,2020-07-16,nil,0,*,Mg,12.000,2020-06-25,2020-03-26,2020-09-06,Tundra,486.000,3.580,1.360,*
2020,8,4,8\4,III,N3(P)KMg,winter beans,winter wheat,nil,0,*,nil,0,*,nil,0,*,0,(P),0.000,*,K,90,2020-07-16,nil,0,*,Mg,12.000,2020-06-25,2020-03-26,2020-09-06,Tundra,508.000,3.750,1.000,*
2020,9,4,9\4,III,N4(P)KMg,winter beans,winter wheat,nil,0,*,nil,0,*,nil,0,*,0,(P),0.000,*,K,90,2020-07-16,nil,0,*,Mg,12.000,2020-06-25,2020-03-26,2020-09-06,Tundra,472.500,3.630,0.760,*
2020,10,4,10\4,III,N4,winter beans,winter wheat,nil,0,*,nil,0,*,nil,0,*,0,nil,0.000,*,nil,0,*,nil,0,*,nil,0.000,*,2020-03-26,2020-09-06,Tundra,359.500,0.910,0.330,*
2020,11,4,11\4,III,N4PMg,winter beans,winter wheat,nil,0,*,nil,0,*,nil,0,*,0,P,35.000,2019-09-18,nil,0,*,nil,0,*,Mg,12.000,2020-06-25,2020-03-26,2020-09-06,Tundra,355.500,0.140,0.140,*
2020,12,4,12\4,III,N1+3+1(P)KMg,winter beans,winter wheat,nil,0,*,nil,0,*,nil,0,*,0,(P),0.000,*,K,90,2020-07-16,nil,0,*,Mg,12.000,2020-06-25,2020-03-26,2020-09-06,Tundra,431.500,2.690,0.510,*
2020,13,4,13\4,III,N4PK,winter beans,winter wheat,nil,0,*,nil,0,*,nil,0,*,0,P,35.000,2019-09-18,K,90,2020-07-16,nil,0,*,nil,0.000,*,2020-03-26,2020-09-06,Tundra,428.500,3.390,0.510,*
2020,14,4,14\4,III,N4PK*(Mg*),winter beans,winter wheat,nil,0,*,nil,0,*,nil,0,*,0,P,35.000,2019-09-18,K*,90,2019-09-18,nil,0,*,(Mg*),0.000,*,2020-03-26,2020-09-06,Tundra,443.500,3.280,0.810,*
2020,15,4,15\4,III,N5(P)KMg,winter beans,winter wheat,nil,0,*,nil,0,*,nil,0,*,0,(P),0.000,*,K,90,2020-07-16,nil,0,*,Mg,12.000,2020-06-25,2020-03-26,2020-09-06,Tundra,422.500,2.960,0.600,*
2020,16,4,16\4,III,N6(P)KMg,winter beans,winter wheat,nil,0,*,nil,0,*,nil,0,*,0,(P),0.000,*,K,90,2020-07-16,nil,0,*,Mg,12.000,2020-06-25,2020-03-26,2020-09-06,Tundra,407.500,2.610,0.340,*
2020,17,4,17\4,III,N1+4+1 PKMg,winter beans,winter wheat,nil,0,*,nil,0,*,nil,0,*,0,P,35.000,2019-09-18,K,90,2020-07-16,nil,0,*,Mg,12.000,2020-06-25,2020-03-26,2020-09-06,Tundra,458.500,3.310,0.550,*
2020,18,4,18\4,III,N1+2+1 PKMg,winter beans,winter wheat,nil,0,*,nil,0,*,nil,0,*,0,P,35.000,2019-09-18,K,90,2020-07-16,nil,0,*,Mg,12.000,2020-06-25,2020-03-26,2020-09-06,Tundra,476.000,3.850,0.660,*
2020,19,4,19\4,III,N1+1+1 KMg,winter beans,winter wheat,nil,0,*,nil,0,*,nil,0,*,0,nil,0.000,*,K,90,2020-07-16,nil,0,*,Mg,12.000,2020-06-25,2020-03-26,2020-09-06,Tundra,471.500,2.600,0.660,*
2021,1,5,1\5,III,(FYM) N4 ,winter beans,spring wheat,nil,0,*,nil,0,*,nil,0,*,0,nil,0.000,*,nil,0,*,nil,0,*,nil,0.000,*,2021-03-09,2021-09-06,Tundra,578.000,4.690,1.630,6
2021,21,5,21\5,III,FYM N3,winter beans,spring wheat,nil,0,*,nil,0,*,nil,0,*,0,nil,0.000,*,nil,0,*,nil,0,*,nil,0.000,*,2021-03-09,2021-09-06,Tundra,559.500,4.770,1.640,"6,10"
2021,22,5,22\5,III,FYM,winter beans,spring wheat,nil,0,*,nil,0,*,nil,0,*,0,nil,0.000,*,nil,0,*,nil,0,*,nil,0.000,*,2021-03-09,2021-09-06,Tundra,587.500,4.660,2.190,"6,11"
2021,3,5,3\5,III,Nil,winter beans,spring wheat,nil,0,*,nil,0,*,nil,0,*,0,nil,0.000,*,nil,0,*,nil,0,*,nil,0.000,*,2021-03-09,2021-09-06,Tundra,521.500,0.320,1.580,6
2021,5,5,5\5,III,(P)KMg,winter beans,spring wheat,nil,0,*,nil,0,*,nil,0,*,0,(P),0.000,*,K,90,2021-05-14,nil,0,*,Mg,12.000,2021-05-12,2021-03-09,2021-09-06,Tundra,564.500,3.040,1.860,6
2021,6,5,6\5,III,N1(P)KMg,winter beans,spring wheat,nil,0,*,nil,0,*,nil,0,*,0,(P),0.000,*,K,90,2021-05-14,nil,0,*,Mg,12.000,2021-05-12,2021-03-09,2021-09-06,Tundra,550.000,2.590,1.510,6
2021,7,5,7\5,III,N2(P)KMg,winter beans,spring wheat,nil,0,*,nil,0,*,nil,0,*,0,(P),0.000,*,K,90,2021-05-14,nil,0,*,Mg,12.000,2021-05-12,2021-03-09,2021-09-06,Tundra,552.000,3.150,1.080,6
2021,8,5,8\5,III,N3(P)KMg,winter beans,spring wheat,nil,0,*,nil,0,*,nil,0,*,0,(P),0.000,*,K,90,2021-05-14,nil,0,*,Mg,12.000,2021-05-12,2021-03-09,2021-09-06,Tundra,537.500,2.100,1.410,6
2021,9,5,9\5,III,N4(P)KMg,winter beans,spring wheat,nil,0,*,nil,0,*,nil,0,*,0,(P),0.000,*,K,90,2021-05-14,nil,0,*,Mg,12.000,2021-05-12,2021-03-09,2021-09-06,Tundra,540.000,1.890,1.430,6
2021,10,5,10\5,III,N4,winter beans,spring wheat,nil,0,*,nil,0,*,nil,0,*,0,nil,0.000,*,nil,0,*,nil,0,*,nil,0.000,*,2021-03-09,2021-09-06,Tundra,492.000,0.370,0.330,6
2021,11,5,11\5,III,N4(P*)Mg,winter beans,spring wheat,nil,0,*,nil,0,*,nil,0,*,0,(P*),0.000,*,nil,0,*,nil,0,*,Mg,12.000,2021-05-12,2021-03-09,2021-09-06,Tundra,396.000,0.130,0.920,"6,8,9"
2021,12,5,12\5,III,N1+3+1(P)KMg,winter beans,spring wheat,nil,0,*,nil,0,*,nil,0,*,0,(P),0.000,*,K,90,2021-05-14,nil,0,*,Mg,12.000,2021-05-12,2021-03-09,2021-09-06,Tundra,552.000,2.400,1.890,6
2021,13,5,13\5,III,N4(P*)K,winter beans,spring wheat,nil,0,*,nil,0,*,nil,0,*,0,(P*),0.000,*,K,90,2021-05-14,nil,0,*,nil,0.000,*,2021-03-09,2021-09-06,Tundra,562.000,2.540,2.350,"6,9"
2021,14,5,14\5,III,N4(P*)K*(Mg*),winter beans,spring wheat,nil,0,*,nil,0,*,nil,0,*,0,(P*),0.000,*,K*,90,2020-09-22,nil,0,*,(Mg*),0.000,*,2021-03-09,2021-09-06,Tundra,582.000,1.710,2.030,"6,9"
2021,15,5,15\5,III,N5(P)KMg,winter beans,spring wheat,nil,0,*,nil,0,*,nil,0,*,0,(P),0.000,*,K,90,2021-05-14,nil,0,*,Mg,12.000,2021-05-12,2021-03-09,2021-09-06,Tundra,512.500,2.070,2.160,6
2021,16,5,16\5,III,N6(P)KMg,winter beans,spring wheat,nil,0,*,nil,0,*,nil,0,*,0,(P),0.000,*,K,90,2021-05-14,nil,0,*,Mg,12.000,2021-05-12,2021-03-09,2021-09-06,Tundra,531.000,2.100,2.100,6
2021,17,5,17\5,III,N1+4+1 PKMg,winter beans,spring wheat,nil,0,*,nil,0,*,nil,0,*,0,P,35.000,2020-09-21,K,90,2021-05-14,nil,0,*,Mg,12.000,2021-05-12,2021-03-09,2021-09-06,Tundra,525.500,1.970,2.660,6
2021,18,5,18\5,III,N1+2+1 PKMg,winter beans,spring wheat,nil,0,*,nil,0,*,nil,0,*,0,P,35.000,2020-09-21,K,90,2021-05-14,nil,0,*,Mg,12.000,2021-05-12,2021-03-09,2021-09-06,Tundra,551.000,3.110,2.500,6
2021,19,5,19\5,III,N1+1+1 KMg,winter beans,spring wheat,nil,0,*,nil,0,*,nil,0,*,0,nil,0.000,*,K,90,2021-05-14,nil,0,*,Mg,12.000,2021-05-12,2021-03-09,2021-09-06,Tundra,566.500,2.210,2.850,6
2022,1,3,1\3,II,(FYM) N4 ,winter beans,winter wheat,nil,0,*,nil,0,*,nil,0,*,0,nil,0.000,*,nil,0,*,nil,0,*,nil,0.000,*,2021-10-14,2022-07-29,Tundra,556.500,5.740,1.600,*
2022,21,3,21\3,II,FYM N3,winter beans,winter wheat,nil,0,*,nil,0,*,nil,0,*,0,nil,0.000,*,nil,0,*,nil,0,*,nil,0.000,*,2021-10-14,2022-07-29,Tundra,590.500,6.150,1.930,10
2022,22,3,22\3,II,FYM,winter beans,winter wheat,nil,0,*,nil,0,*,nil,0,*,0,nil,0.000,*,nil,0,*,nil,0,*,nil,0.000,*,2021-10-14,2022-07-29,Tundra,587.000,6.360,3.570,11
2022,3,3,3\3,II,Nil,winter beans,winter wheat,nil,0,*,nil,0,*,nil,0,*,0,nil,0.000,*,nil,0,*,nil,0,*,nil,0.000,*,2021-10-14,2022-07-29,Tundra,593.500,1.410,0.350,*
2022,5,3,5\3,II,(P)KMg,winter beans,winter wheat,nil,0,*,nil,0,*,nil,0,*,0,(P),0.000,*,K,90,2022-04-20,nil,0,*,Mg,12.000,2022-04-22,2021-10-14,2022-07-29,Tundra,486.000,4.580,1.160,*
2022,6,3,6\3,II,N1(P)KMg,winter beans,winter wheat,nil,0,*,nil,0,*,nil,0,*,0,(P),0.000,*,K,90,2022-04-20,nil,0,*,Mg,12.000,2022-04-22,2021-10-14,2022-07-29,Tundra,513.500,5.380,0.740,*
2022,7,3,7\3,II,N2(P)KMg,winter beans,winter wheat,nil,0,*,nil,0,*,nil,0,*,0,(P),0.000,*,K,90,2022-04-20,nil,0,*,Mg,12.000,2022-04-22,2021-10-14,2022-07-29,Tundra,544.000,5.380,2.190,*
2022,8,3,8\3,II,N3(P)KMg,winter beans,winter wheat,nil,0,*,nil,0,*,nil,0,*,0,(P),0.000,*,K,90,2022-04-20,nil,0,*,Mg,12.000,2022-04-22,2021-10-14,2022-07-29,Tundra,514.500,5.620,2.270,*
2022,9,3,9\3,II,N4(P)KMg,winter beans,winter wheat,nil,0,*,nil,0,*,nil,0,*,0,(P),0.000,*,K,90,2022-04-20,nil,0,*,Mg,12.000,2022-04-22,2021-10-14,2022-07-29,Tundra,525.000,5.340,0.580,*
2022,10,3,10\3,II,N4,winter beans,winter wheat,nil,0,*,nil,0,*,nil,0,*,0,nil,0.000,*,nil,0,*,nil,0,*,nil,0.000,*,2021-10-14,2022-07-29,Tundra,574.500,1.220,1.150,*
2022,11,3,11\3,II,N4(P*)Mg,winter beans,winter wheat,nil,0,*,nil,0,*,nil,0,*,0,(P*),0.000,*,nil,0,*,nil,0,*,Mg,12.000,2022-04-22,2021-10-14,2022-07-29,Tundra,491.000,0.240,0.220,*
2022,12,3,12\3,II,N1+3+1(P)KMg,winter beans,winter wheat,nil,0,*,nil,0,*,nil,0,*,0,(P),0.000,*,K,90,2022-04-20,nil,0,*,Mg,12.000,2022-04-22,2021-10-14,2022-07-29,Tundra,514.500,5.200,2.570,*
2022,13,3,13\3,II,N4(P*)K,winter beans,winter wheat,nil,0,*,nil,0,*,nil,0,*,0,(P*),0.000,*,K,90,2022-04-20,nil,0,*,nil,0.000,*,2021-10-14,2022-07-29,Tundra,555.000,5.520,1.250,*
2022,14,3,14\3,II,N4(P*)K*(Mg*),winter beans,winter wheat,nil,0,*,nil,0,*,nil,0,*,0,(P*),0.000,*,K*,90,2021-09-08,nil,0,*,(Mg*),0.000,*,2021-10-14,2022-07-29,Tundra,510.500,4.610,0.890,*
2022,15,3,15\3,II,N5(P)KMg,winter beans,winter wheat,nil,0,*,nil,0,*,nil,0,*,0,(P),0.000,*,K,90,2022-04-20,nil,0,*,Mg,12.000,2022-04-22,2021-10-14,2022-07-29,Tundra,539.000,5.410,1.640,*
2022,16,3,16\3,II,N6(P)KMg,winter beans,winter wheat,nil,0,*,nil,0,*,nil,0,*,0,(P),0.000,*,K,90,2022-04-20,nil,0,*,Mg,12.000,2022-04-22,2021-10-14,2022-07-29,Tundra,540.500,5.640,1.930,*
2022,17,3,17\3,II,N1+4+1 PKMg,winter beans,winter wheat,nil,0,*,nil,0,*,nil,0,*,0,P,35.000,2021-09-08,K,90,2022-04-20,nil,0,*,Mg,12.000,2022-04-22,2021-10-14,2022-07-29,Tundra,549.000,5.700,1.300,*
2022,18,3,18\3,II,N1+2+1 PKMg,winter beans,winter wheat,nil,0,*,nil,0,*,nil,0,*,0,P,35.000,2021-09-08,K,90,2022-04-20,nil,0,*,Mg,12.000,2022-04-22,2021-10-14,2022-07-29,Tundra,530.500,5.640,2.620,*
2022,19,3,19\3,II,N1+1+1 KMg,winter beans,winter wheat,nil,0,*,nil,0,*,nil,0,*,0,nil,0.000,*,K,90,2022-04-20,nil,0,*,Mg,12.000,2022-04-22,2021-10-14,2022-07-29,Tundra,543.000,4.580,0.240,*
